{
  "topics": {
    "data": {
      "0": {
        "name": "0_number_function_paper_group",
        "keywords": [
          [
            "number",
            0.02323859098522124
          ],
          [
            "function",
            0.018627384037541644
          ],
          [
            "paper",
            0.01681871961841229
          ],
          [
            "group",
            0.01585893840288735
          ],
          [
            "numbers",
            0.015784129470682935
          ],
          [
            "results",
            0.015230297835942519
          ],
          [
            "conjecture",
            0.015168884792523223
          ],
          [
            "prime",
            0.014936223679398739
          ],
          [
            "fields",
            0.01474181279912779
          ],
          [
            "finite",
            0.014236634075705808
          ]
        ],
        "count": 16271
      },
      "1": {
        "name": "1_partitions_partition_parts_congruences",
        "keywords": [
          [
            "partitions",
            0.08957151357946339
          ],
          [
            "partition",
            0.06481312131925317
          ],
          [
            "parts",
            0.04441109100411468
          ],
          [
            "congruences",
            0.038984700182264985
          ],
          [
            "function",
            0.031781036972682995
          ],
          [
            "number",
            0.03075620584726715
          ],
          [
            "modulo",
            0.02544383861492239
          ],
          [
            "Andrews",
            0.02403632177987676
          ],
          [
            "partition function",
            0.02304386113131417
          ],
          [
            "functions",
            0.022117985556906517
          ]
        ],
        "count": 543
      }
    },
    "correlations": [
      [
        1.0,
        -0.2948707594790235
      ],
      [
        -0.2948707594790235,
        1.0
      ]
    ],
    "series": {
      "2020-01": [
        228,
        13
      ],
      "2020-02": [
        240,
        11
      ],
      "2020-03": [
        234,
        16
      ],
      "2020-04": [
        205,
        20
      ],
      "2020-05": [
        299,
        11
      ],
      "2020-06": [
        285,
        20
      ],
      "2020-07": [
        216,
        10
      ],
      "2020-08": [
        210,
        16
      ],
      "2020-09": [
        236,
        16
      ],
      "2020-10": [
        272,
        17
      ],
      "2020-11": [
        208,
        13
      ],
      "2020-12": [
        258,
        11
      ],
      "2021-01": [
        230,
        16
      ],
      "2021-02": [
        227,
        16
      ],
      "2021-03": [
        244,
        9
      ],
      "2021-04": [
        212,
        12
      ],
      "2021-05": [
        226,
        10
      ],
      "2021-06": [
        237,
        13
      ],
      "2021-07": [
        208,
        8
      ],
      "2021-08": [
        215,
        18
      ],
      "2021-09": [
        240,
        11
      ],
      "2021-10": [
        243,
        20
      ],
      "2021-11": [
        262,
        21
      ],
      "2021-12": [
        218,
        19
      ],
      "2022-01": [
        215,
        16
      ],
      "2022-02": [
        205,
        14
      ],
      "2022-03": [
        260,
        14
      ],
      "2022-04": [
        222,
        14
      ],
      "2022-05": [
        216,
        20
      ],
      "2022-06": [
        245,
        12
      ],
      "2022-07": [
        257,
        22
      ],
      "2022-08": [
        232,
        15
      ],
      "2022-09": [
        225,
        15
      ],
      "2022-10": [
        245,
        14
      ],
      "2022-11": [
        283,
        13
      ],
      "2022-12": [
        208,
        15
      ],
      "2023-01": [
        234,
        13
      ],
      "2023-02": [
        212,
        17
      ],
      "2023-03": [
        272,
        23
      ],
      "2023-04": [
        217,
        14
      ],
      "2023-05": [
        213,
        17
      ],
      "2023-06": [
        224,
        12
      ],
      "2023-07": [
        222,
        21
      ],
      "2023-08": [
        268,
        18
      ],
      "2023-09": [
        258,
        19
      ],
      "2023-10": [
        265,
        21
      ],
      "2023-11": [
        220,
        13
      ],
      "2023-12": [
        258,
        17
      ],
      "2024-01": [
        292,
        17
      ],
      "2024-02": [
        245,
        14
      ],
      "2024-03": [
        265,
        20
      ],
      "2024-04": [
        212,
        17
      ],
      "2024-05": [
        279,
        14
      ],
      "2024-06": [
        256,
        20
      ],
      "2024-07": [
        260,
        13
      ],
      "2024-08": [
        246,
        15
      ],
      "2024-09": [
        262,
        25
      ],
      "2024-10": [
        292,
        19
      ],
      "2024-11": [
        260,
        17
      ],
      "2024-12": [
        251,
        26
      ],
      "2025-01": [
        221,
        15
      ],
      "2025-02": [
        259,
        20
      ],
      "2025-03": [
        276,
        24
      ],
      "2025-04": [
        285,
        17
      ],
      "2025-05": [
        288,
        16
      ],
      "2025-06": [
        252,
        14
      ],
      "2025-07": [
        287,
        22
      ],
      "2025-08": [
        323,
        31
      ],
      "2025-09": [
        154,
        12
      ]
    },
    "papers": {
      "0": [
        {
          "title": "Automorphism Groups of Finite Extensions of Fields and the Minimal Ramification Problem",
          "year": "2024-08",
          "abstract": "We study the following question: given a global field $F$ and finite group\n$G$, what is the minimal $r$ such that there exists a finite extension $K/F$\nwith $\\mathrm{Aut}(K/F)\\cong G$ that is ramified over exactly $r$ places of\n$F$? We conjecture that the answer is $\\le 1$ for any global field $F$ and\nfinite group $G$. In the case when $F$ is a number field we show that the\nanswer is always $\\le 4[F:\\mathbb Q]$. We show that assuming Schinzel's\nHypothesis H the answer is always $\\le 1$ if $F$ is a number field. We show\nunconditionally that the answer is always $\\le 1$ if $F$ is a global function\nfield.\n  We also show that for a broader class of fields $F$ than previously known,\nevery finite group $G$ can be realized as the automorphism group of a finite\nextension $K/F$ (without restriction on the ramification).\n  An important new tool used in this work is a recent result of the author and\nC. Tsang, which says that for any finite group $G$ there exists a natural\nnumber $n$ and a subgroup $H\\leqslant S_n$ of the symmetric group such that\n$N_{S_n}(H)/H\\cong G$.",
          "arxiv_id": "2408.12441v2"
        },
        {
          "title": "Figurate numbers, forms of mixed type and their representation numbers",
          "year": "2023-02",