{
  "topics": {
    "data": {
      "0": {
        "name": "0_dark_matter_model_dark matter",
        "keywords": [
          [
            "dark",
            0.029360338226494705
          ],
          [
            "matter",
            0.023863973677589585
          ],
          [
            "model",
            0.021673269831869464
          ],
          [
            "dark matter",
            0.019107775498279692
          ],
          [
            "gravitational",
            0.018314999400971102
          ],
          [
            "energy",
            0.01828581926016525
          ],
          [
            "cosmological",
            0.016447629606296674
          ],
          [
            "field",
            0.01561944506368283
          ],
          [
            "scalar",
            0.015008310751916451
          ],
          [
            "data",
            0.014258395067721525
          ]
        ],
        "count": 12632
      },
      "1": {
        "name": "1_galaxy_galaxies_mass_data",
        "keywords": [
          [
            "galaxy",
            0.02469994321147747
          ],
          [
            "galaxies",
            0.02092082011198196
          ],
          [
            "mass",
            0.019364552087225182
          ],
          [
            "data",
            0.0158944769091949
          ],
          [
            "redshift",
            0.015065410104247765
          ],
          [
            "model",
            0.014964793637526265
          ],
          [
            "simulations",
            0.013662237166161982
          ],
          [
            "power",
            0.01313030263131106
          ],
          [
            "cosmological",
            0.012798135512284588
          ],
          [
            "halo",
            0.012215851724921185
          ]
        ],
        "count": 10880
      }
    },
    "correlations": [
      [
        1.0,
        -0.21879130855981238
      ],
      [
        -0.21879130855981238,
        1.0
      ]
    ],
    "series": {
      "2020-01": [
        174,
        64
      ],
      "2020-02": [
        179,
        80
      ],
      "2020-03": [
        184,
        61
      ],
      "2020-04": [
        212,
        87
      ],
      "2020-05": [
        242,
        77
      ],
      "2020-06": [
        254,
        102
      ],
      "2020-07": [
        293,
        122
      ],
      "2020-08": [
        197,
        62
      ],
      "2020-09": [
        208,
        69
      ],
      "2020-10": [
        242,
        82
      ],
      "2020-11": [
        263,
        110
      ],
      "2020-12": [
        254,
        85
      ],
      "2021-01": [
        183,
        85
      ],
      "2021-02": [
        196,
        70
      ],
      "2021-03": [
        211,
        90
      ],
      "2021-04": [
        220,
        64
      ],
      "2021-05": [
        226,
        83
      ],
      "2021-06": [
        233,
        88
      ],
      "2021-07": [
        234,
        93
      ],
      "2021-08": [
        220,
        69
      ],
      "2021-09": [
        254,
        103
      ],
      "2021-10": [
        259,
        107
      ],
      "2021-11": [
        260,
        101
      ],
      "2021-12": [
        263,
        93
      ],
      "2022-01": [
        210,
        91
      ],
      "2022-02": [
        185,
        70
      ],
      "2022-03": [
        294,
        103
      ],
      "2022-04": [
        203,
        100
      ],
      "2022-05": [
        256,
        96
      ],
      "2022-06": [
        203,
        106
      ],
      "2022-07": [
        264,
        104
      ],
      "2022-08": [
        207,
        85
      ],
      "2022-09": [
        239,
        90
      ],
      "2022-10": [
        272,
        99
      ],
      "2022-11": [
        303,
        78
      ],
      "2022-12": [
        254,
        87
      ],
      "2023-01": [
        230,
        90
      ],
      "2023-02": [
        190,
        76
      ],
      "2023-03": [
        235,
        78
      ],
      "2023-04": [
        219,
        90
      ],
      "2023-05": [
        274,
        110
      ],
      "2023-06": [
        272,
        111
      ],
      "2023-07": [
        282,
        108
      ],
      "2023-08": [
        210,
        66
      ],
      "2023-09": [
        284,
        113
      ],
      "2023-10": [
        267,
        116
      ],
      "2023-11": [
        298,
        88
      ],
      "2023-12": [
        279,
        92
      ],
      "2024-01": [
        210,
        91
      ],
      "2024-02": [
        238,
        87
      ],
      "2024-03": [
        266,
        88
      ],
      "2024-04": [
        268,
        105
      ],
      "2024-05": [
        334,
        112
      ],
      "2024-06": [
        303,
        113
      ],
      "2024-07": [
        340,
        88
      ],
      "2024-08": [
        252,
        77
      ],
      "2024-09": [
        273,
        122
      ],
      "2024-10": [
        296,
        125
      ],
      "2024-11": [
        266,
        94
      ],
      "2024-12": [
        306,
        89
      ],
      "2025-01": [
        261,
        67
      ],
      "2025-02": [
        275,
        97
      ],
      "2025-03": [
        318,
        120
      ],
      "2025-04": [
        331,
        109
      ],
      "2025-05": [
        309,
        89
      ],
      "2025-06": [
        315,
        111
      ],
      "2025-07": [
        356,
        131
      ],
      "2025-08": [
        267,
        73
      ],
      "2025-09": [
        199,
        63
      ]
    },
    "papers": {
      "0": [
        {
          "title": "Dark Matter from a Conformal Dark Sector",
          "year": "2022-07",
          "abstract": "We consider theories in which a dark sector is described by a Conformal Field\nTheory (CFT) over a broad range of energy scales. A coupling of the dark sector\nto the Standard Model breaks conformal invariance. While weak at high energies,\nthe breaking grows in the infrared, and at a certain energy scale the theory\nenters a confined (hadronic) phase. One of the hadronic excitations can play\nthe role of dark matter. We study a \"Conformal Freeze-In\" cosmological\nscenario, in which the dark sector is populated through its interactions with\nthe SM at temperatures when it is conformal. In this scenario, the dark matter\nrelic density is determined by the CFT data, such as the dimension of the CFT\noperator coupled to the Standard Model. We show that this simple and highly\npredictive model of dark matter is phenomenologically viable. The observed\nrelic density is reproduced for a variety of SM operators (\"portals\") coupled\nto the CFT, and the resulting models are consistent with observational\nconstraints. The mass of the COFI dark matter candidate is predicted to be in\nthe keV-MeV range.",
          "arxiv_id": "2207.10093v2"
        },
        {
          "title": "Composite Dark Matter with Forbidden Annihilation",
          "year": "2024-04",