{
  "topics": {
    "data": {
      "0": {
        "name": "0_cellular_automata_cellular automata_model",
        "keywords": [
          [
            "cellular",
            0.061119441369939305
          ],
          [
            "automata",
            0.05520393531239442
          ],
          [
            "cellular automata",
            0.04690563569333328
          ],
          [
            "model",
            0.04371861044301089
          ],
          [
            "systems",
            0.04184580225786896
          ],
          [
            "dynamics",
            0.040070155499292034
          ],
          [
            "CA",
            0.036622269391222345
          ],
          [
            "time",
            0.035619705004737455
          ],
          [
            "rules",
            0.03161908204520769
          ],
          [
            "Cellular",
            0.02790529447357985
          ]
        ],
        "count": 359
      },
      "1": {
        "name": "1_model_flow_data_different",
        "keywords": [
          [
            "model",
            0.08539343740755435
          ],
          [
            "flow",
            0.05993308720818479
          ],
          [
            "data",
            0.033733654378164384
          ],
          [
            "different",
            0.03270460292464758
          ],
          [
            "disease",
            0.03263876809279074
          ],
          [
            "time",
            0.031635821271975
          ],
          [
            "models",
            0.029898806973590288
          ],
          [
            "cellular",
            0.02748141595873497
          ],
          [
            "parameters",
            0.02604693505820616
          ],
          [
            "spread",
            0.02568083007871299
          ]
        ],
        "count": 45
      }
    },
    "correlations": [
      [
        1.0,
        0.1493556707170191
      ],
      [
        0.1493556707170191,
        1.0
      ]
    ],
    "series": {
      "2020-01": [
        4,
        3
      ],
      "2020-02": [
        10,
        1
      ],
      "2020-03": [
        7,
        0
      ],
      "2020-04": [
        5,
        5
      ],
      "2020-05": [
        6,
        2
      ],
      "2020-06": [
        5,
        1
      ],
      "2020-07": [
        4,
        5
      ],
      "2020-08": [
        5,
        3
      ],
      "2020-09": [
        6,
        0
      ],
      "2020-10": [
        2,
        3
      ],
      "2020-11": [
        3,
        1
      ],
      "2020-12": [
        3,
        0
      ],
      "2021-01": [
        2,
        2
      ],
      "2021-02": [
        2,
        3
      ],
      "2021-03": [
        4,
        1
      ],
      "2021-04": [
        4,
        2
      ],
      "2021-05": [
        4,
        1
      ],
      "2021-06": [
        5,
        0
      ],
      "2021-07": [
        9,
        1
      ],
      "2021-08": [
        5,
        0
      ],
      "2021-09": [
        2,
        1
      ],
      "2021-10": [
        5,
        1
      ],
      "2021-11": [
        4,
        0
      ],
      "2021-12": [
        7,
        3
      ],
      "2022-01": [
        3,
        0
      ],
      "2022-02": [
        2,
        2
      ],
      "2022-03": [
        8,
        0
      ],
      "2022-04": [
        3,
        1
      ],
      "2022-05": [
        3,
        1
      ],
      "2022-06": [
        4,
        1
      ],
      "2022-07": [
        2,
        1
      ],
      "2022-08": [
        5,
        1
      ],
      "2022-09": [
        2,
        1
      ],
      "2022-10": [
        7,
        0
      ],
      "2022-11": [
        6,
        0
      ],
      "2022-12": [
        4,
        0
      ],
      "2023-01": [
        5,
        2
      ],
      "2023-02": [
        2,
        1
      ],
      "2023-03": [
        0,
        2
      ],
      "2023-04": [
        3,
        2
      ],
      "2023-05": [
        5,
        2
      ],
      "2023-06": [
        6,
        0
      ],
      "2023-07": [
        6,
        2
      ],
      "2023-08": [
        0,
        3
      ],
      "2023-09": [
        2,
        1
      ],
      "2023-10": [
        9,
        3
      ],
      "2023-11": [
        1,
        1
      ],
      "2023-12": [
        7,
        3
      ],
      "2024-01": [
        8,
        1
      ],
      "2024-02": [
        5,
        0
      ],
      "2024-03": [
        3,
        0
      ],
      "2024-04": [
        2,
        1
      ],
      "2024-05": [
        5,
        1
      ],
      "2024-06": [
        6,
        3
      ],
      "2024-07": [
        12,
        0
      ],
      "2024-08": [
        3,
        0
      ],
      "2024-09": [
        4,
        1
      ],
      "2024-10": [
        5,
        1
      ],
      "2024-11": [
        6,
        1
      ],
      "2024-12": [
        1,
        2
      ],
      "2025-01": [
        4,
        1
      ],
      "2025-02": [
        6,
        0
      ],
      "2025-03": [
        8,
        0
      ],
      "2025-04": [
        3,
        1
      ],
      "2025-05": [
        6,
        0
      ],
      "2025-06": [
        6,
        2
      ],
      "2025-07": [
        6,
        1
      ],
      "2025-08": [
        9,
        1
      ],
      "2025-09": [
        2,
        0
      ]
    },
    "papers": {
      "0": [
        {
          "title": "Fungal Automata",
          "year": "2020-03",
          "abstract": "We study a cellular automaton (CA) model of information dynamics on a single\nhypha of a fungal mycelium. Such a filament is divided in compartments (here\nalso called cells) by septa. These septa are invaginations of the cell wall and\ntheir pores allow for flow of cytoplasm between compartments and hyphae. The\nseptal pores of the fungal phylum of the Ascomycota can be closed by organelles\ncalled Woronin bodies. Septal closure is increased when the septa become older\nand when exposed to stress conditions. Thus, Woronin bodies act as\ninformational flow valves. The one dimensional fungal automata is a binary\nstate ternary neighbourhood CA, where every compartment follows one of the\nelementary cellular automata (ECA) rules if its pores are open and either\nremains in state `0' (first species of fungal automata) or its previous state\n(second species of fungal automata) if its pores are closed. The Woronin bodies\nclosing the pores are also governed by ECA rules. We analyse a structure of the\ncomposition space of cell-state transition and pore-state transitions rules,\ncomplexity of fungal automata with just few Woronin bodies, and exemplify\nseveral important local events in the automaton dynamics.",
          "arxiv_id": "2003.08168v1"
        },
        {
          "title": "On complex dynamics from reversible cellular automata",
          "year": "2020-09",