{
  "topics": {
    "data": {
      "0": {
        "name": "0_memory_performance_systems_applications",
        "keywords": [
          [
            "memory",
            0.0422738833216477
          ],
          [
            "performance",
            0.0348837993426477
          ],
          [
            "systems",
            0.032235484303470716
          ],
          [
            "applications",
            0.02981248076326256
          ],
          [
            "data",
            0.0289816779770048
          ],
          [
            "kernel",
            0.0258413731426384
          ],
          [
            "time",
            0.025520531616653342
          ],
          [
            "OS",
            0.021507679253527548
          ],
          [
            "paper",
            0.020556295502533437
          ],
          [
            "software",
            0.01956189757017954
          ]
        ],
        "count": 546
      },
      "1": {
        "name": "1_GPU_data_learning_memory",
        "keywords": [
          [
            "GPU",
            0.045970386486660866
          ],
          [
            "data",
            0.028060879197166294
          ],
          [
            "learning",
            0.02760440321488124
          ],
          [
            "memory",
            0.027393748548235532
          ],
          [
            "LLM",
            0.026491813414022295
          ],
          [
            "performance",
            0.02585925282732675
          ],
          [
            "storage",
            0.025454471750680573
          ],
          [
            "inference",
            0.0244689838758751
          ],
          [
            "model",
            0.022990051288178243
          ],
          [
            "cache",
            0.022444863199372587
          ]
        ],
        "count": 71
      }
    },
    "correlations": [
      [
        1.0,
        -0.4801682843886785
      ],
      [
        -0.4801682843886785,
        1.0
      ]
    ],
    "series": {
      "2020-01": [
        7,
        0
      ],
      "2020-02": [
        6,
        0
      ],
      "2020-03": [
        10,
        1
      ],
      "2020-04": [
        10,
        0
      ],
      "2020-05": [
        9,
        1
      ],
      "2020-06": [
        7,
        0
      ],
      "2020-07": [
        7,
        0
      ],
      "2020-08": [
        6,
        0
      ],
      "2020-09": [
        8,
        0
      ],
      "2020-10": [
        5,
        0
      ],
      "2020-11": [
        9,
        0
      ],
      "2020-12": [
        5,
        0
      ],
      "2021-01": [
        12,
        0
      ],
      "2021-02": [
        7,
        0
      ],
      "2021-03": [
        3,
        0
      ],
      "2021-04": [
        10,
        0
      ],
      "2021-05": [
        4,
        0
      ],
      "2021-06": [
        5,
        0
      ],
      "2021-07": [
        2,
        0
      ],
      "2021-08": [
        2,
        0
      ],
      "2021-09": [
        3,
        0
      ],
      "2021-10": [
        6,
        1
      ],
      "2021-11": [
        4,
        1
      ],
      "2021-12": [
        8,
        0
      ],
      "2022-01": [
        7,
        1
      ],
      "2022-02": [
        4,
        0
      ],
      "2022-03": [
        11,
        1
      ],
      "2022-04": [
        4,
        0
      ],
      "2022-05": [
        8,
        0
      ],
      "2022-06": [
        7,
        0
      ],
      "2022-07": [
        2,
        0
      ],
      "2022-08": [
        1,
        0
      ],
      "2022-09": [
        6,
        0
      ],
      "2022-10": [
        8,
        0
      ],
      "2022-11": [
        5,
        0
      ],
      "2022-12": [
        6,
        0
      ],
      "2023-01": [
        6,
        1
      ],
      "2023-02": [
        7,
        1
      ],
      "2023-03": [
        10,
        0
      ],
      "2023-04": [
        6,
        0
      ],
      "2023-05": [
        7,
        0
      ],
      "2023-06": [
        9,
        1
      ],
      "2023-07": [
        7,
        0
      ],
      "2023-08": [
        4,
        0
      ],
      "2023-09": [
        15,
        0
      ],
      "2023-10": [
        16,
        0
      ],
      "2023-11": [
        11,
        0
      ],
      "2023-12": [
        13,
        2
      ],
      "2024-01": [
        10,
        2
      ],
      "2024-02": [
        7,
        3
      ],
      "2024-03": [
        9,
        1
      ],
      "2024-04": [
        6,
        0
      ],
      "2024-05": [
        6,
        3
      ],
      "2024-06": [
        11,
        1
      ],
      "2024-07": [
        5,
        0
      ],
      "2024-08": [
        14,
        1
      ],
      "2024-09": [
        16,
        2
      ],
      "2024-10": [
        14,
        3
      ],
      "2024-11": [
        10,
        2
      ],
      "2024-12": [
        14,
        2
      ],
      "2025-01": [
        19,
        0
      ],
      "2025-02": [
        13,
        2
      ],
      "2025-03": [
        16,
        5
      ],
      "2025-04": [
        18,
        2
      ],
      "2025-05": [
        15,
        1
      ],
      "2025-06": [
        17,
        4
      ],
      "2025-07": [
        7,
        2
      ],
      "2025-08": [
        18,
        5
      ],
      "2025-09": [
        8,
        1
      ]
    },
    "papers": {
      "0": [
        {
          "title": "CXLMemSim: A pure software simulated CXL.mem for performance characterization",
          "year": "2023-03",
          "abstract": "CXLMemSim is a fast, lightweight simulation framework that enables\nperformance characterization of memory systems based on Compute Express Link\n(CXL) .mem technology. CXL.mem allows disaggregation and pooling of memory to\nmitigate memory stranding (underutilized memory trapped on fully loaded\nservers) in cloud and datacenter environments. However, CXL-attached memory\nintroduces additional latency and bandwidth constraints compared to local DRAM,\nand real CXL .mem hardware is not yet widely available for empirical\nevaluation. CXLMemSim addresses this gap by attaching to unmodified\napplications and simulating CXL-based memory pools in software. It operates by\ntracing memory allocations and accesses using efficient kernel probes and\nhardware performance counters, dividing execution into epochs, and injecting\ntiming delays to emulate various CXL .mem latency/bandwidth characteristics.\nThis approach incurs modest runtime overhead while preserving realistic\nload/store memory access patterns. We implement CXLMemSim on commodity hardware\nwithout special devices, and our evaluation shows that it runs orders of\nmagnitude faster than cycle-accurate simulators (e.g., Gem5) for real-world\nworkloads, while accurately modeling the performance impact of CXL .mem. We\ndemonstrate use cases where CXLMemSim enables experimentation with memory\npooling configurations, scheduling policies, data migration strategies, and\ncaching techniques that were previously infeasible to evaluate at scale. Key\nfindings include the viability of software-based CXL .mem emulation with low\noverhead, insights into latency and congestion effects in memory pools, and\nguidance for system designers to optimize memory disaggregation. Overall,\nCXLMemSim provides a practical and extensible platform for researchers and\npractitioners to explore CXL.mem innovations before real hardware becomes\ncommonplace.",
          "arxiv_id": "2303.06153v2"
        },
        {
          "title": "TPP: Transparent Page Placement for CXL-Enabled Tiered-Memory",
          "year": "2022-06",