{
  "topics": {
    "data": {
      "0": {
        "name": "0_control_systems_time_model",
        "keywords": [
          [
            "control",
            0.03183756264410411
          ],
          [
            "systems",
            0.021792703039387025
          ],
          [
            "time",
            0.02109730228122313
          ],
          [
            "model",
            0.02009843338213671
          ],
          [
            "paper",
            0.01753992048486817
          ],
          [
            "data",
            0.01612219497932888
          ],
          [
            "problem",
            0.01611427768113367
          ],
          [
            "approach",
            0.01542775347981178
          ],
          [
            "state",
            0.015058689609944734
          ],
          [
            "performance",
            0.014589640150728923
          ]
        ],
        "count": 23400
      },
      "1": {
        "name": "1_power_energy_grid_model",
        "keywords": [
          [
            "power",
            0.04272634104445105
          ],
          [
            "energy",
            0.03205284823609582
          ],
          [
            "grid",
            0.022069591468721374
          ],
          [
            "model",
            0.021931455178659517
          ],
          [
            "paper",
            0.017235287354762884
          ],
          [
            "control",
            0.017179694494001658
          ],
          [
            "systems",
            0.015920584855457536
          ],
          [
            "data",
            0.01578905300518813
          ],
          [
            "voltage",
            0.013546880428746392
          ],
          [
            "method",
            0.013281313051281898
          ]
        ],
        "count": 6183
      }
    },
    "correlations": [
      [
        1.0,
        -0.2871854538996672
      ],
      [
        -0.2871854538996672,
        1.0
      ]
    ],
    "series": {
      "2020-01": [
        201,
        52
      ],
      "2020-02": [
        222,
        54
      ],
      "2020-03": [
        341,
        84
      ],
      "2020-04": [
        316,
        76
      ],
      "2020-05": [
        291,
        82
      ],
      "2020-06": [
        278,
        78
      ],
      "2020-07": [
        247,
        83
      ],
      "2020-08": [
        253,
        76
      ],
      "2020-09": [
        295,
        79
      ],
      "2020-10": [
        269,
        93
      ],
      "2020-11": [
        351,
        82
      ],
      "2020-12": [
        280,
        75
      ],
      "2021-01": [
        247,
        78
      ],
      "2021-02": [
        280,
        88
      ],
      "2021-03": [
        468,
        101
      ],
      "2021-04": [
        310,
        99
      ],
      "2021-05": [
        273,
        72
      ],
      "2021-06": [
        280,
        94
      ],
      "2021-07": [
        247,
        78
      ],
      "2021-08": [
        254,
        68
      ],
      "2021-09": [
        333,
        75
      ],
      "2021-10": [
        308,
        115
      ],
      "2021-11": [
        286,
        93
      ],
      "2021-12": [
        256,
        87
      ],
      "2022-01": [
        237,
        71
      ],
      "2022-02": [
        254,
        69
      ],
      "2022-03": [
        388,
        112
      ],
      "2022-04": [
        308,
        82
      ],
      "2022-05": [
        297,
        68
      ],
      "2022-06": [
        271,
        75
      ],
      "2022-07": [
        296,
        107
      ],
      "2022-08": [
        272,
        82
      ],
      "2022-09": [
        373,
        92
      ],
      "2022-10": [
        328,
        81
      ],
      "2022-11": [
        353,
        91
      ],
      "2022-12": [
        300,
        99
      ],
      "2023-01": [
        250,
        100
      ],
      "2023-02": [
        235,
        85
      ],
      "2023-03": [
        402,
        124
      ],
      "2023-04": [
        409,
        120
      ],
      "2023-05": [
        344,
        110
      ],
      "2023-06": [
        280,
        70
      ],
      "2023-07": [
        295,
        87
      ],
      "2023-08": [
        291,
        89
      ],
      "2023-09": [
        422,
        98
      ],
      "2023-10": [
        366,
        154
      ],
      "2023-11": [
        366,
        119
      ],
      "2023-12": [
        359,
        91
      ],
      "2024-01": [
        366,
        106
      ],
      "2024-02": [
        337,
        81
      ],
      "2024-03": [
        540,
        108
      ],
      "2024-04": [
        361,
        95
      ],
      "2024-05": [
        409,
        108
      ],
      "2024-06": [
        335,
        83
      ],
      "2024-07": [
        326,
        81
      ],
      "2024-08": [
        339,
        96
      ],
      "2024-09": [
        461,
        114
      ],
      "2024-10": [
        457,
        121
      ],
      "2024-11": [
        399,
        118
      ],
      "2024-12": [
        339,
        109
      ],
      "2025-01": [
        376,
        100
      ],
      "2025-02": [
        385,
        96
      ],
      "2025-03": [
        568,
        124
      ],
      "2025-04": [
        529,
        112
      ],
      "2025-05": [
        470,
        116
      ],
      "2025-06": [
        426,
        111
      ],
      "2025-07": [
        461,
        132
      ],
      "2025-08": [
        417,
        115
      ],
      "2025-09": [
        264,
        72
      ]
    },
    "papers": {
      "0": [
        {
          "title": "Safety-Critical Control Synthesis for Unknown Sampled-Data Systems via Control Barrier Functions",
          "year": "2021-09",
          "abstract": "As the complexity of control systems increases, safety becomes an\nincreasingly important property since safety violations can damage the plant\nand put the system operator in danger. When the system dynamics are unknown,\nsafety-critical synthesis becomes more challenging. Additionally, modern\nsystems are controlled digitally and hence behave as sampled-data systems,\ni.e., the system dynamics evolve continuously while the control input is\napplied at discrete time steps. In this paper, we study the problem of control\nsynthesis for safety-critical sampled-data systems with unknown dynamics. We\novercome the challenges introduced by sampled-data implementation and unknown\ndynamics by constructing a set of control barrier function (CBF)-based\nconstraints. By satisfying the constructed CBF constraint at each sampling\ntime, we guarantee the unknown sampled-data system is safe for all time. We\nformulate a non-convex program to solve for the control signal at each sampling\ntime. We decompose the non-convex program into two convex sub-problems. We\nillustrate the proposed approach using a numerical case study.",
          "arxiv_id": "2109.13415v1"
        },
        {
          "title": "Safe-by-Construction Autonomous Vehicle Overtaking using Control Barrier Functions and Model Predictive Control",
          "year": "2023-10",