{
  "topics": {
    "data": {
      "0": {
        "name": "0_model_market_data_models",
        "keywords": [
          [
            "model",
            0.051554367543798385
          ],
          [
            "market",
            0.04165697525128412
          ],
          [
            "data",
            0.039417092277099636
          ],
          [
            "models",
            0.03782410579432979
          ],
          [
            "financial",
            0.03512114224117554
          ],
          [
            "time",
            0.03265776686626859
          ],
          [
            "learning",
            0.031419216754421386
          ],
          [
            "method",
            0.02768783940376499
          ],
          [
            "approach",
            0.027686054311188115
          ],
          [
            "volatility",
            0.027562868773229957
          ]
        ],
        "count": 1499
      },
      "1": {
        "name": "1_quantum_Quantum_classical_computing",
        "keywords": [
          [
            "quantum",
            0.17519407302931794
          ],
          [
            "Quantum",
            0.06792264825039594
          ],
          [
            "classical",
            0.041369265301420696
          ],
          [
            "computing",
            0.041103228702775635
          ],
          [
            "algorithms",
            0.03611255084501305
          ],
          [
            "algorithm",
            0.032967030759812666
          ],
          [
            "computers",
            0.029551981681303522
          ],
          [
            "derivative",
            0.025957905083452026
          ],
          [
            "pricing",
            0.024041204119031895
          ],
          [
            "financial",
            0.023940296921748403
          ]
        ],
        "count": 54
      }
    },
    "correlations": [
      [
        1.0,
        -0.679820900032198
      ],
      [
        -0.679820900032198,
        1.0
      ]
    ],
    "series": {
      "2020-01": [
        8,
        0
      ],
      "2020-02": [
        16,
        1
      ],
      "2020-03": [
        25,
        0
      ],
      "2020-04": [
        23,
        0
      ],
      "2020-05": [
        28,
        0
      ],
      "2020-06": [
        23,
        0
      ],
      "2020-07": [
        15,
        0
      ],
      "2020-08": [
        13,
        1
      ],
      "2020-09": [
        17,
        1
      ],
      "2020-10": [
        9,
        0
      ],
      "2020-11": [
        8,
        2
      ],
      "2020-12": [
        10,
        2
      ],
      "2021-01": [
        17,
        0
      ],
      "2021-02": [
        20,
        1
      ],
      "2021-03": [
        23,
        1
      ],
      "2021-04": [
        19,
        1
      ],
      "2021-05": [
        24,
        0
      ],
      "2021-06": [
        21,
        1
      ],
      "2021-07": [
        20,
        0
      ],
      "2021-08": [
        16,
        1
      ],
      "2021-09": [
        13,
        1
      ],
      "2021-10": [
        12,
        1
      ],
      "2021-11": [
        16,
        3
      ],
      "2021-12": [
        18,
        1
      ],
      "2022-01": [
        11,
        2
      ],
      "2022-02": [
        23,
        1
      ],
      "2022-03": [
        21,
        3
      ],
      "2022-04": [
        12,
        0
      ],
      "2022-05": [
        18,
        0
      ],
      "2022-06": [
        20,
        0
      ],
      "2022-07": [
        24,
        1
      ],
      "2022-08": [
        11,
        1
      ],
      "2022-09": [
        30,
        0
      ],
      "2022-10": [
        28,
        2
      ],
      "2022-11": [
        19,
        0
      ],
      "2022-12": [
        29,
        1
      ],
      "2023-01": [
        22,
        3
      ],
      "2023-02": [
        18,
        0
      ],
      "2023-03": [
        18,
        3
      ],
      "2023-04": [
        13,
        2
      ],
      "2023-05": [
        27,
        0
      ],
      "2023-06": [
        16,
        2
      ],
      "2023-07": [
        18,
        1
      ],
      "2023-08": [
        26,
        4
      ],
      "2023-09": [
        32,
        0
      ],
      "2023-10": [
        19,
        1
      ],
      "2023-11": [
        20,
        2
      ],
      "2023-12": [
        22,
        0
      ],
      "2024-01": [
        23,
        0
      ],
      "2024-02": [
        28,
        1
      ],
      "2024-03": [
        16,
        0
      ],
      "2024-04": [
        26,
        2
      ],
      "2024-05": [
        24,
        1
      ],
      "2024-06": [
        27,
        0
      ],
      "2024-07": [
        30,
        1
      ],
      "2024-08": [
        36,
        0
      ],
      "2024-09": [
        37,
        0
      ],
      "2024-10": [
        33,
        1
      ],
      "2024-11": [
        43,
        0
      ],
      "2024-12": [
        32,
        0
      ],
      "2025-01": [
        21,
        1
      ],
      "2025-02": [
        26,
        3
      ],
      "2025-03": [
        25,
        0
      ],
      "2025-04": [
        26,
        1
      ],
      "2025-05": [
        30,
        1
      ],
      "2025-06": [
        20,
        2
      ],
      "2025-07": [
        24,
        2
      ],
      "2025-08": [
        41,
        1
      ],
      "2025-09": [
        10,
        0
      ]
    },
    "papers": {
      "0": [
        {
          "title": "Arbitrage-free neural-SDE market models",
          "year": "2021-05",
          "abstract": "Modelling joint dynamics of liquid vanilla options is crucial for\narbitrage-free pricing of illiquid derivatives and managing risks of option\ntrade books. This paper develops a nonparametric model for the European options\nbook respecting underlying financial constraints and while being practically\nimplementable. We derive a state space for prices which are free from static\n(or model-independent) arbitrage and study the inference problem where a model\nis learnt from discrete time series data of stock and option prices. We use\nneural networks as function approximators for the drift and diffusion of the\nmodelled SDE system, and impose constraints on the neural nets such that\nno-arbitrage conditions are preserved. In particular, we give methods to\ncalibrate \\textit{neural SDE} models which are guaranteed to satisfy a set of\nlinear inequalities. We validate our approach with numerical experiments using\ndata generated from a Heston stochastic local volatility model.",
          "arxiv_id": "2105.11053v2"
        },
        {
          "title": "Understanding intra-day price formation process by agent-based financial market simulation: calibrating the extended chiarella model",
          "year": "2022-08",