{
  "topics": {
    "data": {
      "0": {
        "name": "0_neutron_nuclear_energy_data",
        "keywords": [
          [
            "neutron",
            0.026015758434137767
          ],
          [
            "nuclear",
            0.0256562368762978
          ],
          [
            "energy",
            0.02379303879651012
          ],
          [
            "data",
            0.020267176640451967
          ],
          [
            "decay",
            0.017190088487365467
          ],
          [
            "beta",
            0.016288616182228193
          ],
          [
            "model",
            0.016166376033612397
          ],
          [
            "nuclei",
            0.01600280477064686
          ],
          [
            "cross",
            0.01569834655358938
          ],
          [
            "state",
            0.01541395693934595
          ]
        ],
        "count": 5196
      },
      "1": {
        "name": "1_collisions_Pb_heavy_ion",
        "keywords": [
          [
            "collisions",
            0.05660496127404851
          ],
          [
            "Pb",
            0.027154450889934414
          ],
          [
            "heavy",
            0.02580072537440331
          ],
          [
            "ion",
            0.02105636513336555
          ],
          [
            "heavy ion",
            0.02090907474652082
          ],
          [
            "Au",
            0.02066669535335192
          ],
          [
            "flow",
            0.020093973730497084
          ],
          [
            "production",
            0.01933220309724358
          ],
          [
            "ion collisions",
            0.019256208362306803
          ],
          [
            "GeV",
            0.01898118533930471
          ]
        ],
        "count": 2145
      }
    },
    "correlations": [
      [
        1.0,
        -0.6101133052157995
      ],
      [
        -0.6101133052157995,
        1.0
      ]
    ],
    "series": {
      "2020-01": [
        75,
        36
      ],
      "2020-02": [
        69,
        52
      ],
      "2020-03": [
        88,
        35
      ],
      "2020-04": [
        76,
        40
      ],
      "2020-05": [
        92,
        51
      ],
      "2020-06": [
        82,
        29
      ],
      "2020-07": [
        84,
        35
      ],
      "2020-08": [
        74,
        31
      ],
      "2020-09": [
        100,
        33
      ],
      "2020-10": [
        102,
        30
      ],
      "2020-11": [
        71,
        32
      ],
      "2020-12": [
        74,
        32
      ],
      "2021-01": [
        65,
        24
      ],
      "2021-02": [
        73,
        26
      ],
      "2021-03": [
        88,
        30
      ],
      "2021-04": [
        76,
        29
      ],
      "2021-05": [
        58,
        40
      ],
      "2021-06": [
        80,
        25
      ],
      "2021-07": [
        76,
        36
      ],
      "2021-08": [
        78,
        32
      ],
      "2021-09": [
        83,
        42
      ],
      "2021-10": [
        75,
        47
      ],
      "2021-11": [
        85,
        31
      ],
      "2021-12": [
        66,
        34
      ],
      "2022-01": [
        78,
        22
      ],
      "2022-02": [
        93,
        16
      ],
      "2022-03": [
        108,
        24
      ],
      "2022-04": [
        65,
        44
      ],
      "2022-05": [
        68,
        20
      ],
      "2022-06": [
        75,
        30
      ],
      "2022-07": [
        74,
        32
      ],
      "2022-08": [
        72,
        42
      ],
      "2022-09": [
        93,
        42
      ],
      "2022-10": [
        77,
        33
      ],
      "2022-11": [
        95,
        57
      ],
      "2022-12": [
        83,
        26
      ],
      "2023-01": [
        58,
        34
      ],
      "2023-02": [
        71,
        28
      ],
      "2023-03": [
        83,
        35
      ],
      "2023-04": [
        72,
        23
      ],
      "2023-05": [
        65,
        27
      ],
      "2023-06": [
        81,
        23
      ],
      "2023-07": [
        95,
        47
      ],
      "2023-08": [
        67,
        51
      ],
      "2023-09": [
        64,
        25
      ],
      "2023-10": [
        84,
        30
      ],
      "2023-11": [
        74,
        34
      ],
      "2023-12": [
        81,
        52
      ],
      "2024-01": [
        72,
        29
      ],
      "2024-02": [
        74,
        28
      ],
      "2024-03": [
        77,
        23
      ],
      "2024-04": [
        56,
        18
      ],
      "2024-05": [
        89,
        40
      ],
      "2024-06": [
        61,
        15
      ],
      "2024-07": [
        74,
        35
      ],
      "2024-08": [
        56,
        19
      ],
      "2024-09": [
        81,
        48
      ],
      "2024-10": [
        84,
        34
      ],
      "2024-11": [
        76,
        35
      ],
      "2024-12": [
        85,
        26
      ],
      "2025-01": [
        84,
        25
      ],
      "2025-02": [
        56,
        34
      ],
      "2025-03": [
        92,
        36
      ],
      "2025-04": [
        81,
        64
      ],
      "2025-05": [
        79,
        27
      ],
      "2025-06": [
        76,
        41
      ],
      "2025-07": [
        68,
        43
      ],
      "2025-08": [
        90,
        36
      ],
      "2025-09": [
        44,
        23
      ]
    },
    "papers": {
      "0": [
        {
          "title": "Constraining the Astrophysical p Process: Cross Section Measurement of the 84Kr(p,g)85Rb Reaction in Inverse Kinematics",
          "year": "2023-03",
          "abstract": "One of the biggest questions in nuclear astrophysics is understanding where\nthe elements come from and how they are made. This work focuses on the p\nprocess, a nucleosynthesis process that consists of a series of\nphotodisintegration reactions responsible for producing stable isotopes on the\nproton-rich side of stability. These nuclei, known as the p nuclei, cannot be\nmade through the well-known neutron-capture processes. Currently p-process\nmodels rely heavily on theory to provide the relevant reaction rates to predict\nthe final p-nuclei abundances and more experimental data is needed. The present\nwork reports on an experiment performed with the SuN detector at the National\nSuperconducting Cyclotron Laboratory, NSCL, at Michigan State University using\nthe ReA facility to measure the $^{84}$Kr(p,$\\gamma$)$^{85}$Rb reaction cross\nsection in inverse kinematics. The reverse $^{85}$Rb($\\gamma$,p)$^{84}$Kr\nreaction is a branching point in the p-process reaction network that was\nhighlighted as an important reaction in sensitivity studies in the production\nof the $^{78}$Kr p nucleus. A new hydrogen gas target was designed and\nfabricated and a new analysis technique for background subtraction and\nefficiency calculations of the detector were developed. The experimental cross\nsection is compared to standard statistical model calculations using the\nNON-SMOKER and TALYS codes.",
          "arxiv_id": "2303.07232v1"
        },
        {
          "title": "Gamma-ray emission in proton-induced nuclear reactions on natC and Mylar targets over the incident energy range of Ep = 30-200 MeV. Astrophysical implications",
          "year": "2022-04",