{
  "topics": {
    "data": {
      "0": {
        "name": "0_quantum_algebra_algebras_category",
        "keywords": [
          [
            "quantum",
            0.045832688935058624
          ],
          [
            "algebra",
            0.04542694205912574
          ],
          [
            "algebras",
            0.04362442494378442
          ],
          [
            "category",
            0.02608555103585469
          ],
          [
            "group",
            0.02548808557618026
          ],
          [
            "theory",
            0.02513446915668707
          ],
          [
            "modules",
            0.02251603071629748
          ],
          [
            "categories",
            0.02089267511555808
          ],
          [
            "type",
            0.020396195018944165
          ],
          [
            "finite",
            0.01983302396923483
          ]
        ],
        "count": 4294
      },
      "1": {
        "name": "1_Baxter_solutions_Yang_algebras",
        "keywords": [
          [
            "Baxter",
            0.10308998480741868
          ],
          [
            "solutions",
            0.06862207707907975
          ],
          [
            "Yang",
            0.0653661941712138
          ],
          [
            "algebras",
            0.06317765503541571
          ],
          [
            "Lie",
            0.056917438207716525
          ],
          [
            "equation",
            0.056047722384307865
          ],
          [
            "Rota",
            0.04735479817308527
          ],
          [
            "operators",
            0.032185128051693206
          ],
          [
            "Lie algebras",
            0.03061964024486846
          ],
          [
            "algebra",
            0.030217950754603234
          ]
        ],
        "count": 245
      }
    },
    "correlations": [
      [
        1.0,
        -0.44156374930120723
      ],
      [
        -0.44156374930120723,
        1.0
      ]
    ],
    "series": {
      "2020-01": [
        55,
        2
      ],
      "2020-02": [
        47,
        10
      ],
      "2020-03": [
        61,
        7
      ],
      "2020-04": [
        64,
        6
      ],
      "2020-05": [
        70,
        3
      ],
      "2020-06": [
        43,
        2
      ],
      "2020-07": [
        51,
        8
      ],
      "2020-08": [
        60,
        9
      ],
      "2020-09": [
        59,
        12
      ],
      "2020-10": [
        53,
        8
      ],
      "2020-11": [
        58,
        3
      ],
      "2020-12": [
        60,
        8
      ],
      "2021-01": [
        45,
        5
      ],
      "2021-02": [
        34,
        7
      ],
      "2021-03": [
        62,
        5
      ],
      "2021-04": [
        53,
        2
      ],
      "2021-05": [
        51,
        4
      ],
      "2021-06": [
        55,
        8
      ],
      "2021-07": [
        67,
        9
      ],
      "2021-08": [
        46,
        3
      ],
      "2021-09": [
        56,
        6
      ],
      "2021-10": [
        48,
        6
      ],
      "2021-11": [
        58,
        1
      ],
      "2021-12": [
        70,
        8
      ],
      "2022-01": [
        42,
        4
      ],
      "2022-02": [
        53,
        4
      ],
      "2022-03": [
        68,
        5
      ],
      "2022-04": [
        52,
        5
      ],
      "2022-05": [
        48,
        9
      ],
      "2022-06": [
        49,
        7
      ],
      "2022-07": [
        60,
        5
      ],
      "2022-08": [
        58,
        4
      ],
      "2022-09": [
        62,
        6
      ],
      "2022-10": [
        57,
        6
      ],
      "2022-11": [
        77,
        8
      ],
      "2022-12": [
        65,
        8
      ],
      "2023-01": [
        55,
        4
      ],
      "2023-02": [
        61,
        5
      ],
      "2023-03": [
        61,
        12
      ],
      "2023-04": [
        61,
        7
      ],
      "2023-05": [
        72,
        9
      ],
      "2023-06": [
        65,
        6
      ],
      "2023-07": [
        69,
        5
      ],
      "2023-08": [
        63,
        8
      ],
      "2023-09": [
        56,
        11
      ],
      "2023-10": [
        40,
        10
      ],
      "2023-11": [
        65,
        8
      ],
      "2023-12": [
        87,
        10
      ],
      "2024-01": [
        52,
        7
      ],
      "2024-02": [
        72,
        5
      ],
      "2024-03": [
        74,
        7
      ],
      "2024-04": [
        55,
        7
      ],
      "2024-05": [
        59,
        8
      ],
      "2024-06": [
        75,
        7
      ],
      "2024-07": [
        64,
        6
      ],
      "2024-08": [
        69,
        7
      ],
      "2024-09": [
        56,
        9
      ],
      "2024-10": [
        80,
        7
      ],
      "2024-11": [
        66,
        5
      ],
      "2024-12": [
        94,
        5
      ],
      "2025-01": [
        58,
        8
      ],
      "2025-02": [
        59,
        5
      ],
      "2025-03": [
        67,
        14
      ],
      "2025-04": [
        65,
        12
      ],
      "2025-05": [
        68,
        6
      ],
      "2025-06": [
        64,
        9
      ],
      "2025-07": [
        71,
        3
      ],
      "2025-08": [
        72,
        7
      ],
      "2025-09": [
        39,
        3
      ]
    },
    "papers": {
      "0": [
        {
          "title": "Commutative algebras in Grothendieck-Verdier categories, rigidity, and vertex operator algebras",
          "year": "2024-09",
          "abstract": "Let $A$ be a commutative algebra in a braided monoidal category\n$\\mathcal{C}$; e.g., $A$ could be an extension of a vertex operator algebra\n(VOA) $V$ in a category $\\mathcal{C}$ of $V$-modules. We study when the\ncategory $\\mathcal{C}_A$ of $A$-modules in $\\mathcal{C}$ and its subcategory\n$\\mathcal{C}_A^{\\text{loc}}$ of local modules inherit rigidity from\n$\\mathcal{C}$, and then we find conditions for $\\mathcal{C}$ and\n$\\mathcal{C}_A$ to inherit rigidity from $\\mathcal{C}_A^{\\text{loc}}$. First,\nwe assume $\\mathcal{C}$ is a braided finite tensor category and prove rigidity\nof $\\mathcal{C}_A$ and $\\mathcal{C}_A^{\\text{loc}}$ under conditions based on\ncriteria of Etingof-Ostrik for $A$ to be an exact algebra in $\\mathcal{C}$. As\na corollary, we show that if $A$ is a simple $\\mathbb{Z}_{\\geq 0}$-graded VOA\nwith a strongly rational vertex operator subalgebra $V$, then $A$ is strongly\nrational, without requiring the categorical dimension of $A$ as a $V$-module to\nbe non-zero. Next, we assume $\\mathcal{C}$ is a Grothendieck-Verdier category,\ni.e., $\\mathcal{C}$ admits a weaker duality structure than rigidity. We first\nprove $\\mathcal{C}_A$ is also a Grothendieck-Verdier category. Using this, we\nprove that if $\\mathcal{C}_A^{\\text{loc}}$ is rigid, then so is $\\mathcal{C}$\nunder conditions such as a mild non-degeneracy assumption on $\\mathcal{C}$, an\nassumption that every simple object of $\\mathcal{C}_A$ is local, and that\ninduction from $\\mathcal{C}$ to $\\mathcal{C}_A$ commutes with duality. These\nconditions are motivated by free field-like VOA extensions $V\\subseteq A$ where\n$A$ is often an indecomposable $V$-module, so our result will make it more\nfeasible to prove rigidity for many vertex algebraic monoidal categories. In a\nfollow-up work, our result will be used to prove rigidity of the category of\nweight modules for the simple affine VOA of $\\mathfrak{sl}_2$ at any admissible\nlevel.",
          "arxiv_id": "2409.14618v1"
        },
        {
          "title": "A QFT for non-semisimple TQFT",
          "year": "2021-12",