{
  "topics": {
    "data": {
      "0": {
        "name": "0_AI_data_human_user",
        "keywords": [
          [
            "AI",
            0.02715160342196142
          ],
          [
            "data",
            0.02463325146661263
          ],
          [
            "human",
            0.022335226946045287
          ],
          [
            "user",
            0.020967630314026292
          ],
          [
            "design",
            0.018252764942652898
          ],
          [
            "study",
            0.01818250543767792
          ],
          [
            "users",
            0.01731415837661396
          ],
          [
            "learning",
            0.015634029065741708
          ],
          [
            "models",
            0.015549025638323171
          ],
          [
            "research",
            0.015258484666820612
          ]
        ],
        "count": 19756
      },
      "1": {
        "name": "1_driving_driver_vehicle_drivers",
        "keywords": [
          [
            "driving",
            0.0657042673115246
          ],
          [
            "driver",
            0.038637177157223916
          ],
          [
            "vehicle",
            0.036451547201825744
          ],
          [
            "drivers",
            0.02885696894623668
          ],
          [
            "vehicles",
            0.027898866968261684
          ],
          [
            "safety",
            0.021659953905865822
          ],
          [
            "autonomous",
            0.020980701010797607
          ],
          [
            "AV",
            0.020630370108088828
          ],
          [
            "human",
            0.020368888636134546
          ],
          [
            "road",
            0.01983344952108951
          ]
        ],
        "count": 518
      }
    },
    "correlations": [
      [
        1.0,
        -0.7329118803709072
      ],
      [
        -0.7329118803709072,
        1.0
      ]
    ],
    "series": {
      "2020-01": [
        148,
        5
      ],
      "2020-02": [
        143,
        4
      ],
      "2020-03": [
        130,
        10
      ],
      "2020-04": [
        136,
        2
      ],
      "2020-05": [
        152,
        10
      ],
      "2020-06": [
        139,
        10
      ],
      "2020-07": [
        164,
        10
      ],
      "2020-08": [
        190,
        9
      ],
      "2020-09": [
        197,
        8
      ],
      "2020-10": [
        185,
        7
      ],
      "2020-11": [
        123,
        5
      ],
      "2020-12": [
        136,
        7
      ],
      "2021-01": [
        203,
        6
      ],
      "2021-02": [
        158,
        5
      ],
      "2021-03": [
        177,
        10
      ],
      "2021-04": [
        168,
        10
      ],
      "2021-05": [
        178,
        4
      ],
      "2021-06": [
        174,
        9
      ],
      "2021-07": [
        189,
        7
      ],
      "2021-08": [
        168,
        15
      ],
      "2021-09": [
        185,
        5
      ],
      "2021-10": [
        186,
        7
      ],
      "2021-11": [
        144,
        8
      ],
      "2021-12": [
        140,
        5
      ],
      "2022-01": [
        184,
        7
      ],
      "2022-02": [
        191,
        7
      ],
      "2022-03": [
        197,
        7
      ],
      "2022-04": [
        238,
        7
      ],
      "2022-05": [
        193,
        8
      ],
      "2022-06": [
        181,
        8
      ],
      "2022-07": [
        191,
        10
      ],
      "2022-08": [
        228,
        20
      ],
      "2022-09": [
        230,
        8
      ],
      "2022-10": [
        232,
        8
      ],
      "2022-11": [
        186,
        3
      ],
      "2022-12": [
        146,
        17
      ],
      "2023-01": [
        215,
        11
      ],
      "2023-02": [
        262,
        11
      ],
      "2023-03": [
        327,
        12
      ],
      "2023-04": [
        305,
        10
      ],
      "2023-05": [
        297,
        12
      ],
      "2023-06": [
        285,
        16
      ],
      "2023-07": [
        271,
        8
      ],
      "2023-08": [
        368,
        9
      ],
      "2023-09": [
        333,
        14
      ],
      "2023-10": [
        328,
        12
      ],
      "2023-11": [
        294,
        12
      ],
      "2023-12": [
        275,
        11
      ],
      "2024-01": [
        367,
        9
      ],
      "2024-02": [
        429,
        17
      ],
      "2024-03": [
        466,
        21
      ],
      "2024-04": [
        443,
        21
      ],
      "2024-05": [
        445,
        16
      ],
      "2024-06": [
        361,
        14
      ],
      "2024-07": [
        417,
        13
      ],
      "2024-08": [
        404,
        19
      ],
      "2024-09": [
        505,
        14
      ],
      "2024-10": [
        483,
        17
      ],
      "2024-11": [
        449,
        13
      ],
      "2024-12": [
        381,
        15
      ],
      "2025-01": [
        437,
        9
      ],
      "2025-02": [
        578,
        25
      ],
      "2025-03": [
        573,
        20
      ],
      "2025-04": [
        598,
        22
      ],
      "2025-05": [
        544,
        20
      ],
      "2025-06": [
        509,
        14
      ],
      "2025-07": [
        547,
        18
      ],
      "2025-08": [
        553,
        20
      ],
      "2025-09": [
        278,
        7
      ]
    },
    "papers": {
      "0": [
        {
          "title": "Learning Complementary Policies for Human-AI Teams",
          "year": "2023-02",
          "abstract": "Human-AI complementarity is important when neither the algorithm nor the\nhuman yields dominant performance across all instances in a given context.\nRecent work that explored human-AI collaboration has considered decisions that\ncorrespond to classification tasks. However, in many important contexts where\nhumans can benefit from AI complementarity, humans undertake course of action.\nIn this paper, we propose a framework for a novel human-AI collaboration for\nselecting advantageous course of action, which we refer to as Learning\nComplementary Policy for Human-AI teams (\\textsc{lcp-hai}). Our solution aims\nto exploit the human-AI complementarity to maximize decision rewards by\nlearning both an algorithmic policy that aims to complement humans by a routing\nmodel that defers decisions to either a human or the AI to leverage the\nresulting complementarity. We then extend our approach to leverage\nopportunities and mitigate risks that arise in important contexts in practice:\n1) when a team is composed of multiple humans with differential and potentially\ncomplementary abilities, 2) when the observational data includes consistent\ndeterministic actions, and 3) when the covariate distribution of future\ndecisions differ from that in the historical data. We demonstrate the\neffectiveness of our proposed methods using data on real human responses and\nsemi-synthetic, and find that our methods offer reliable and advantageous\nperformance across setting, and that it is superior to when either the\nalgorithm or the AI make decisions on their own. We also find that the\nextensions we propose effectively improve the robustness of the human-AI\ncollaboration performance in the presence of different challenging settings.",
          "arxiv_id": "2302.02944v1"
        },
        {
          "title": "AI Conversational Tutors in Foreign Language Learning: A Mixed-Methods Evaluation Study",
          "year": "2025-08",