{
  "topics": {
    "data": {
      "0": {
        "name": "0_problem_optimization_problems_control",
        "keywords": [
          [
            "problem",
            0.04026760394918904
          ],
          [
            "optimization",
            0.035012828242354216
          ],
          [
            "problems",
            0.030061030742761716
          ],
          [
            "control",
            0.02976505398307048
          ],
          [
            "algorithm",
            0.028772869691304777
          ],
          [
            "optimal",
            0.02840573969076905
          ],
          [
            "method",
            0.028143683195677286
          ],
          [
            "time",
            0.026471024459744096
          ],
          [
            "paper",
            0.024865376518040425
          ],
          [
            "model",
            0.02347927950991388
          ]
        ],
        "count": 31706
      },
      "1": {
        "name": "1_model_control_optimal_number",
        "keywords": [
          [
            "model",
            0.09804527451831026
          ],
          [
            "control",
            0.08164519278852307
          ],
          [
            "optimal",
            0.05969475533718209
          ],
          [
            "number",
            0.04081651717862238
          ],
          [
            "individuals",
            0.03841560193978408
          ],
          [
            "models",
            0.03840643785314733
          ],
          [
            "optimal control",
            0.0372860884252318
          ],
          [
            "time",
            0.03541603202606248
          ],
          [
            "strategies",
            0.034444185101241497
          ],
          [
            "data",
            0.03174461676290509
          ]
        ],
        "count": 370
      }
    },
    "correlations": [
      [
        1.0,
        0.27432046809939536
      ],
      [
        0.27432046809939536,
        1.0
      ]
    ],
    "series": {
      "2020-01": [
        215,
        142
      ],
      "2020-02": [
        283,
        190
      ],
      "2020-03": [
        263,
        209
      ],
      "2020-04": [
        246,
        202
      ],
      "2020-05": [
        245,
        168
      ],
      "2020-06": [
        332,
        235
      ],
      "2020-07": [
        267,
        194
      ],
      "2020-08": [
        205,
        146
      ],
      "2020-09": [
        227,
        202
      ],
      "2020-10": [
        266,
        211
      ],
      "2020-11": [
        249,
        195
      ],
      "2020-12": [
        257,
        185
      ],
      "2021-01": [
        241,
        160
      ],
      "2021-02": [
        234,
        205
      ],
      "2021-03": [
        284,
        243
      ],
      "2021-04": [
        228,
        192
      ],
      "2021-05": [
        238,
        180
      ],
      "2021-06": [
        320,
        211
      ],
      "2021-07": [
        260,
        173
      ],
      "2021-08": [
        184,
        148
      ],
      "2021-09": [
        254,
        178
      ],
      "2021-10": [
        294,
        194
      ],
      "2021-11": [
        243,
        182
      ],
      "2021-12": [
        237,
        165
      ],
      "2022-01": [
        236,
        157
      ],
      "2022-02": [
        247,
        168
      ],
      "2022-03": [
        275,
        226
      ],
      "2022-04": [
        250,
        182
      ],
      "2022-05": [
        270,
        167
      ],
      "2022-06": [
        271,
        206
      ],
      "2022-07": [
        257,
        184
      ],
      "2022-08": [
        235,
        142
      ],
      "2022-09": [
        263,
        180
      ],
      "2022-10": [
        292,
        204
      ],
      "2022-11": [
        298,
        191
      ],
      "2022-12": [
        217,
        176
      ],
      "2023-01": [
        236,
        144
      ],
      "2023-02": [
        279,
        208
      ],
      "2023-03": [
        332,
        227
      ],
      "2023-04": [
        260,
        200
      ],
      "2023-05": [
        301,
        194
      ],
      "2023-06": [
        256,
        183
      ],
      "2023-07": [
        273,
        177
      ],
      "2023-08": [
        224,
        171
      ],
      "2023-09": [
        243,
        204
      ],
      "2023-10": [
        316,
        211
      ],
      "2023-11": [
        315,
        220
      ],
      "2023-12": [
        272,
        203
      ],
      "2024-01": [
        272,
        219
      ],
      "2024-02": [
        315,
        222
      ],
      "2024-03": [
        376,
        294
      ],
      "2024-04": [
        226,
        194
      ],
      "2024-05": [
        331,
        205
      ],
      "2024-06": [
        288,
        190
      ],
      "2024-07": [
        273,
        195
      ],
      "2024-08": [
        226,
        183
      ],
      "2024-09": [
        300,
        211
      ],
      "2024-10": [
        347,
        244
      ],
      "2024-11": [
        268,
        190
      ],
      "2024-12": [
        333,
        213
      ],
      "2025-01": [
        312,
        203
      ],
      "2025-02": [
        290,
        225
      ],
      "2025-03": [
        341,
        264
      ],
      "2025-04": [
        310,
        241
      ],
      "2025-05": [
        370,
        253
      ],
      "2025-06": [
        289,
        201
      ],
      "2025-07": [
        294,
        204
      ],
      "2025-08": [
        261,
        192
      ],
      "2025-09": [
        173,
        129
      ]
    },
    "papers": {
      "0": [
        {
          "title": "Gradient-Free Optimization for Non-Smooth Saddle Point Problems under Adversarial Noise",
          "year": "2022-02",
          "abstract": "We consider non-smooth saddle point optimization problems. To solve these\nproblems, we propose a zeroth-order method under bounded or Lipschitz\ncontinuous noise, possible adversarial. In contrast to the state-of-the-art\nalgorithms, our algorithm is optimal in terms of both criteria: oracle calls\ncomplexity and the maximum value of admissible noise. The proposed method is\nsimple and easy to implement as it is built on zeroth-order version of the\nstochastic mirror descent. The convergence analysis is given in terms of the\naverage and probability. We also pay special attention to the duality gap\n$r$-growth condition $(r\\geq 1)$, for which we provide a modification of our\nalgorithm using the restart technique. We also comment on infinite noise\nvariance and upper bounds in the case of Lipschitz noise. The results obtained\nin this paper are significant not only for saddle point problems but also for\nconvex optimization.",
          "arxiv_id": "2202.06114v3"
        },
        {
          "title": "Optimal Control of Discrete-Time Nonlinear Systems",
          "year": "2024-11",