{
  "topics": {
    "data": {
      "0": {
        "name": "0_solar_magnetic_SEP_field",
        "keywords": [
          [
            "solar",
            0.0384457535138921
          ],
          [
            "magnetic",
            0.031108070155837466
          ],
          [
            "SEP",
            0.02628496704812145
          ],
          [
            "field",
            0.024517082335618667
          ],
          [
            "wind",
            0.02367637722886602
          ],
          [
            "solar wind",
            0.02141731370398498
          ],
          [
            "energy",
            0.017682406126835425
          ],
          [
            "Solar",
            0.01740942737192781
          ],
          [
            "plasma",
            0.017153003776605762
          ],
          [
            "space",
            0.016422738708600237
          ]
        ],
        "count": 2649
      },
      "1": {
        "name": "1_Mars_atmosphere_Jupiter_magnetic",
        "keywords": [
          [
            "Mars",
            0.019335374222893265
          ],
          [
            "atmosphere",
            0.01862422540310406
          ],
          [
            "Jupiter",
            0.018210959215487172
          ],
          [
            "magnetic",
            0.018035572505254036
          ],
          [
            "field",
            0.016948064429382428
          ],
          [
            "solar",
            0.016841907645009764
          ],
          [
            "Io",
            0.01680181846239689
          ],
          [
            "planetary",
            0.016207720214661124
          ],
          [
            "planet",
            0.015119589479639763
          ],
          [
            "surface",
            0.015061409318720567
          ]
        ],
        "count": 239
      }
    },
    "correlations": [
      [
        1.0,
        -0.07082344208159377
      ],
      [
        -0.07082344208159377,
        1.0
      ]
    ],
    "series": {
      "2020-01": [
        28,
        1
      ],
      "2020-02": [
        34,
        3
      ],
      "2020-03": [
        35,
        2
      ],
      "2020-04": [
        38,
        2
      ],
      "2020-05": [
        41,
        3
      ],
      "2020-06": [
        43,
        1
      ],
      "2020-07": [
        46,
        2
      ],
      "2020-08": [
        42,
        4
      ],
      "2020-09": [
        42,
        1
      ],
      "2020-10": [
        39,
        2
      ],
      "2020-11": [
        31,
        1
      ],
      "2020-12": [
        48,
        6
      ],
      "2021-01": [
        40,
        4
      ],
      "2021-02": [
        44,
        1
      ],
      "2021-03": [
        41,
        3
      ],
      "2021-04": [
        47,
        4
      ],
      "2021-05": [
        31,
        1
      ],
      "2021-06": [
        31,
        3
      ],
      "2021-07": [
        55,
        2
      ],
      "2021-08": [
        50,
        3
      ],
      "2021-09": [
        54,
        1
      ],
      "2021-10": [
        44,
        4
      ],
      "2021-11": [
        40,
        3
      ],
      "2021-12": [
        39,
        3
      ],
      "2022-01": [
        42,
        3
      ],
      "2022-02": [
        33,
        1
      ],
      "2022-03": [
        56,
        2
      ],
      "2022-04": [
        40,
        6
      ],
      "2022-05": [
        49,
        5
      ],
      "2022-06": [
        40,
        2
      ],
      "2022-07": [
        44,
        2
      ],
      "2022-08": [
        44,
        3
      ],
      "2022-09": [
        54,
        8
      ],
      "2022-10": [
        68,
        3
      ],
      "2022-11": [
        60,
        4
      ],
      "2022-12": [
        41,
        4
      ],
      "2023-01": [
        55,
        3
      ],
      "2023-02": [
        42,
        4
      ],
      "2023-03": [
        67,
        3
      ],
      "2023-04": [
        40,
        1
      ],
      "2023-05": [
        48,
        2
      ],
      "2023-06": [
        59,
        5
      ],
      "2023-07": [
        58,
        1
      ],
      "2023-08": [
        50,
        4
      ],
      "2023-09": [
        48,
        2
      ],
      "2023-10": [
        47,
        4
      ],
      "2023-11": [
        38,
        4
      ],
      "2023-12": [
        38,
        2
      ],
      "2024-01": [
        49,
        4
      ],
      "2024-02": [
        47,
        2
      ],
      "2024-03": [
        49,
        3
      ],
      "2024-04": [
        38,
        3
      ],
      "2024-05": [
        57,
        7
      ],
      "2024-06": [
        41,
        3
      ],
      "2024-07": [
        55,
        6
      ],
      "2024-08": [
        51,
        3
      ],
      "2024-09": [
        60,
        1
      ],
      "2024-10": [
        56,
        3
      ],
      "2024-11": [
        50,
        1
      ],
      "2024-12": [
        53,
        2
      ],
      "2025-01": [
        51,
        2
      ],
      "2025-02": [
        55,
        6
      ],
      "2025-03": [
        40,
        1
      ],
      "2025-04": [
        38,
        1
      ],
      "2025-05": [
        49,
        4
      ],
      "2025-06": [
        44,
        1
      ],
      "2025-07": [
        49,
        5
      ],
      "2025-08": [
        35,
        7
      ],
      "2025-09": [
        24,
        5
      ]
    },
    "papers": {
      "0": [
        {
          "title": "Magnetic Reconnection as the Driver of the Solar Wind",
          "year": "2023-01",
          "abstract": "We present EUV solar observations showing evidence for omnipresent jetting\nactivity driven by small-scale magnetic reconnection at the base of the solar\ncorona. We argue that the physical mechanism that heats and drives the solar\nwind at its source is ubiquitous magnetic reconnection in the form of\nsmall-scale jetting activity (i.e., a.k.a. jetlets). This jetting activity,\nlike the solar wind and the heating of the coronal plasma, are ubiquitous\nregardless of the solar cycle phase. Each event arises from small-scale\nreconnection of opposite polarity magnetic fields producing a short-lived jet\nof hot plasma and Alfv\\'en waves into the corona. The discrete nature of these\njetlet events leads to intermittent outflows from the corona, which homogenize\nas they propagate away from the Sun and form the solar wind. This discovery\nestablishes the importance of small-scale magnetic reconnection in solar and\nstellar atmospheres in understanding ubiquitous phenomena such as coronal\nheating and solar wind acceleration. Based on previous analyses linking the\nswitchbacks to the magnetic network, we also argue that these new observations\nmight provide the link between the magnetic activity at the base of the corona\nand the switchback solar wind phenomenon. These new observations need to be put\nin the bigger picture of the role of magnetic reconnection and the diverse form\nof jetting in the solar atmosphere.",
          "arxiv_id": "2301.00903v1"
        },
        {
          "title": "Parker Solar Probe Observations of High Plasma Beta Solar Wind from Streamer Belt",
          "year": "2023-02",