{
  "topics": {
    "data": {
      "0": {
        "name": "0_group_groups_manifolds_hyperbolic",
        "keywords": [
          [
            "group",
            0.03240386274392569
          ],
          [
            "groups",
            0.027635252472416248
          ],
          [
            "manifolds",
            0.026075281087416937
          ],
          [
            "hyperbolic",
            0.021855373946620186
          ],
          [
            "prove",
            0.021652909734271707
          ],
          [
            "knot",
            0.021585835036894277
          ],
          [
            "space",
            0.02158337623878149
          ],
          [
            "knots",
            0.021211788611729867
          ],
          [
            "surfaces",
            0.02116412151059362
          ],
          [
            "surface",
            0.02044423293434049
          ]
        ],
        "count": 7307
      },
      "1": {
        "name": "1_data_persistent_neural_learning",
        "keywords": [
          [
            "data",
            0.04900575728949951
          ],
          [
            "persistent",
            0.04148812994861691
          ],
          [
            "neural",
            0.04124765870199836
          ],
          [
            "learning",
            0.0365031664308212
          ],
          [
            "topological",
            0.03143407424155699
          ],
          [
            "networks",
            0.031224748365554895
          ],
          [
            "network",
            0.03070065834688825
          ],
          [
            "persistent homology",
            0.029734895226571356
          ],
          [
            "homology",
            0.027120137728947166
          ],
          [
            "space",
            0.024507208889560712
          ]
        ],
        "count": 95
      }
    },
    "correlations": [
      [
        1.0,
        -0.2677093722492649
      ],
      [
        -0.2677093722492649,
        1.0
      ]
    ],
    "series": {
      "2020-01": [
        88,
        2
      ],
      "2020-02": [
        112,
        3
      ],
      "2020-03": [
        102,
        2
      ],
      "2020-04": [
        113,
        0
      ],
      "2020-05": [
        117,
        0
      ],
      "2020-06": [
        119,
        0
      ],
      "2020-07": [
        108,
        2
      ],
      "2020-08": [
        120,
        1
      ],
      "2020-09": [
        130,
        0
      ],
      "2020-10": [
        142,
        2
      ],
      "2020-11": [
        106,
        1
      ],
      "2020-12": [
        125,
        3
      ],
      "2021-01": [
        99,
        2
      ],
      "2021-02": [
        72,
        2
      ],
      "2021-03": [
        117,
        2
      ],
      "2021-04": [
        101,
        3
      ],
      "2021-05": [
        106,
        1
      ],
      "2021-06": [
        94,
        2
      ],
      "2021-07": [
        96,
        1
      ],
      "2021-08": [
        103,
        5
      ],
      "2021-09": [
        106,
        4
      ],
      "2021-10": [
        103,
        4
      ],
      "2021-11": [
        107,
        5
      ],
      "2021-12": [
        94,
        1
      ],
      "2022-01": [
        79,
        2
      ],
      "2022-02": [
        106,
        2
      ],
      "2022-03": [
        94,
        2
      ],
      "2022-04": [
        89,
        2
      ],
      "2022-05": [
        108,
        0
      ],
      "2022-06": [
        109,
        3
      ],
      "2022-07": [
        110,
        5
      ],
      "2022-08": [
        111,
        1
      ],
      "2022-09": [
        112,
        1
      ],
      "2022-10": [
        113,
        4
      ],
      "2022-11": [
        99,
        4
      ],
      "2022-12": [
        123,
        1
      ],
      "2023-01": [
        82,
        2
      ],
      "2023-02": [
        78,
        2
      ],
      "2023-03": [
        137,
        1
      ],
      "2023-04": [
        93,
        4
      ],
      "2023-05": [
        100,
        4
      ],
      "2023-06": [
        116,
        4
      ],
      "2023-07": [
        119,
        5
      ],
      "2023-08": [
        132,
        2
      ],
      "2023-09": [
        126,
        3
      ],
      "2023-10": [
        143,
        2
      ],
      "2023-11": [
        112,
        4
      ],
      "2023-12": [
        115,
        1
      ],
      "2024-01": [
        119,
        1
      ],
      "2024-02": [
        120,
        2
      ],
      "2024-03": [
        114,
        1
      ],
      "2024-04": [
        95,
        3
      ],
      "2024-05": [
        105,
        4
      ],
      "2024-06": [
        100,
        3
      ],
      "2024-07": [
        103,
        2
      ],
      "2024-08": [
        92,
        4
      ],
      "2024-09": [
        127,
        6
      ],
      "2024-10": [
        148,
        1
      ],
      "2024-11": [
        104,
        4
      ],
      "2024-12": [
        132,
        2
      ],
      "2025-01": [
        105,
        3
      ],
      "2025-02": [
        95,
        3
      ],
      "2025-03": [
        109,
        3
      ],
      "2025-04": [
        135,
        4
      ],
      "2025-05": [
        120,
        5
      ],
      "2025-06": [
        110,
        3
      ],
      "2025-07": [
        127,
        2
      ],
      "2025-08": [
        132,
        1
      ],
      "2025-09": [
        71,
        0
      ]
    },
    "papers": {
      "0": [
        {
          "title": "Equivariant Seiberg-Witten theory",
          "year": "2024-06",
          "abstract": "We introduce and study equivariant Seiberg-Witten invariants for\n$4$-manifolds equipped with a smooth action of a finite group $G$. Our\ninvariants come in two types: cohomological, valued in the group cohomology of\n$G$ and $K$-theoretic, valued in the representation ring of $G$. We establish\nbasic properties of the invariants such as wall-crossing and vanishing of the\ninvariants for $G$-invariant positive scalar curvature metrics. We establish a\nrelation between the equivariant Seiberg-Witten invariants and families\nSeiberg-Witten invariants. Sufficient conditions are found under which\nequivariant transversality can be achieved leading to smooth moduli spaces on\nwhich $G$ acts. In the zero-dimensional case this yields a further invariant of\nthe $G$-action valued in a refinement of the Burnside ring of $G$. We prove\nlocalisation formulas in cohomology and $K$-theory, relating the equivariant\nSeiberg-Witten invariants to moduli spaces of $G$-invariant solutions. We give\nan explicit formula for the invariants for holomorphic group actions on\nK\\\"ahler surfaces. We also prove a gluing formula for the invariants of\nequivariant connected sums. Various applications and consequences of the theory\nare considered.",
          "arxiv_id": "2406.00642v1"
        },
        {
          "title": "The monodromy diffeomorphism of weighted singularities and Seiberg--Witten theory",
          "year": "2024-11",
          "abstract": "We prove that the monodromy diffeomorphism of a complex 2-dimensional\nisolated hypersurface singularity of weighted-homogeneous type has infinite\norder in the smooth mapping class group of the Milnor fiber, provided the\nsingularity is not a rational double point. This is a consequence of our main\nresult: the boundary Dehn twist diffeomorphism of an indefinite symplectic\nfilling of the canonical contact structure on a negatively-oriented\nSeifert-fibered rational homology 3-sphere has infinite order in the smooth\nmapping class group. Our techniques make essential use of analogues of the\ncontact invariant in the setting of $\\mathbb{Z}/p$-equivariant\nSeiberg--Witten--Floer homology of 3-manifolds.",