{
  "topics": {
    "data": {
      "0": {
        "name": "0_random_time_stochastic_model",
        "keywords": [
          [
            "random",
            0.03873121487813029
          ],
          [
            "time",
            0.0269195676299817
          ],
          [
            "stochastic",
            0.024814083035924816
          ],
          [
            "model",
            0.0238968579747298
          ],
          [
            "process",
            0.023235213736128402
          ],
          [
            "results",
            0.020968702915630546
          ],
          [
            "distribution",
            0.019646011450295382
          ],
          [
            "probability",
            0.01925176545558658
          ],
          [
            "processes",
            0.018284956162557688
          ],
          [
            "study",
            0.018155379341061643
          ]
        ],
        "count": 23100
      },
      "1": {
        "name": "1_queue_service_time_server",
        "keywords": [
          [
            "queue",
            0.046815829914379194
          ],
          [
            "service",
            0.0390676917798248
          ],
          [
            "time",
            0.03417716296603549
          ],
          [
            "server",
            0.032482453619964706
          ],
          [
            "queueing",
            0.02542383552105444
          ],
          [
            "traffic",
            0.023339933171963815
          ],
          [
            "servers",
            0.02276252231696733
          ],
          [
            "arrival",
            0.021818539191345278
          ],
          [
            "policy",
            0.021626960624570146
          ],
          [
            "systems",
            0.02006434624761685
          ]
        ],
        "count": 568
      }
    },
    "correlations": [
      [
        1.0,
        -0.08753233189033204
      ],
      [
        -0.08753233189033204,
        1.0
      ]
    ],
    "series": {
      "2020-01": [
        271,
        16
      ],
      "2020-02": [
        255,
        11
      ],
      "2020-03": [
        323,
        20
      ],
      "2020-04": [
        323,
        23
      ],
      "2020-05": [
        306,
        25
      ],
      "2020-06": [
        340,
        17
      ],
      "2020-07": [
        344,
        11
      ],
      "2020-08": [
        302,
        16
      ],
      "2020-09": [
        311,
        7
      ],
      "2020-10": [
        346,
        12
      ],
      "2020-11": [
        313,
        17
      ],
      "2020-12": [
        335,
        20
      ],
      "2021-01": [
        299,
        11
      ],
      "2021-02": [
        320,
        15
      ],
      "2021-03": [
        330,
        19
      ],
      "2021-04": [
        317,
        18
      ],
      "2021-05": [
        327,
        16
      ],
      "2021-06": [
        341,
        13
      ],
      "2021-07": [
        301,
        21
      ],
      "2021-08": [
        267,
        17
      ],
      "2021-09": [
        298,
        20
      ],
      "2021-10": [
        311,
        23
      ],
      "2021-11": [
        340,
        17
      ],
      "2021-12": [
        307,
        10
      ],
      "2022-01": [
        283,
        15
      ],
      "2022-02": [
        263,
        12
      ],
      "2022-03": [
        344,
        15
      ],
      "2022-04": [
        254,
        14
      ],
      "2022-05": [
        322,
        17
      ],
      "2022-06": [
        315,
        18
      ],
      "2022-07": [
        334,
        19
      ],
      "2022-08": [
        303,
        18
      ],
      "2022-09": [
        344,
        11
      ],
      "2022-10": [
        311,
        15
      ],
      "2022-11": [
        353,
        14
      ],
      "2022-12": [
        341,
        10
      ],
      "2023-01": [
        281,
        10
      ],
      "2023-02": [
        275,
        15
      ],
      "2023-03": [
        333,
        15
      ],
      "2023-04": [
        290,
        16
      ],
      "2023-05": [
        318,
        15
      ],
      "2023-06": [
        292,
        21
      ],
      "2023-07": [
        350,
        13
      ],
      "2023-08": [
        294,
        14
      ],
      "2023-09": [
        341,
        17
      ],
      "2023-10": [
        369,
        15
      ],
      "2023-11": [
        342,
        14
      ],
      "2023-12": [
        351,
        17
      ],
      "2024-01": [
        322,
        13
      ],
      "2024-02": [
        357,
        20
      ],
      "2024-03": [
        382,
        10
      ],
      "2024-04": [
        285,
        13
      ],
      "2024-05": [
        370,
        16
      ],
      "2024-06": [
        316,
        9
      ],
      "2024-07": [
        357,
        17
      ],
      "2024-08": [
        305,
        5
      ],
      "2024-09": [
        368,
        12
      ],
      "2024-10": [
        427,
        13
      ],
      "2024-11": [
        354,
        15
      ],
      "2024-12": [
        423,
        16
      ],
      "2025-01": [
        389,
        18
      ],
      "2025-02": [
        366,
        16
      ],
      "2025-03": [
        430,
        20
      ],
      "2025-04": [
        363,
        17
      ],
      "2025-05": [
        360,
        18
      ],
      "2025-06": [
        374,
        5
      ],
      "2025-07": [
        388,
        14
      ],
      "2025-08": [
        348,
        17
      ],
      "2025-09": [
        210,
        5
      ]
    },
    "papers": {
      "0": [
        {
          "title": "Local and global universality of random matrix cokernels",
          "year": "2022-10",
          "abstract": "In this paper we study the cokernels of various random integral matrix\nmodels, including random symmetric, random skew-symmetric, and random Laplacian\nmatrices. We provide a systematic method to establish universality under very\ngeneral randomness assumption. Our highlights include both local and global\nuniversality of the cokernel statistics of all these models. In particular, we\nfind the probability that a sandpile group of an Erdos-Renyi random graph is\ncyclic, answering a question of Lorenzini from 2008.",
          "arxiv_id": "2210.08526v1"
        },
        {
          "title": "Optimal regularity of SPDEs with additive noise",
          "year": "2022-08",
          "abstract": "The sample-function regularity of the random-field solution to a stochastic\npartial differential equation (SPDE) depends naturally on the roughness of the\nexternal noise, as well as on the properties of the underlying\nintegro-differential operator that is used to define the equation. In this\npaper, we consider parabolic and hyperbolic SPDEs on\n$0,\\infty)\\times\\mathbb{R}^d$ of the form $\\partial_t u = L u + g(u) + \\dot{F}\n\\qquad\\text{and}\\qquad \\partial^2_t u = L u + c + \\dot{F}, $ with suitable\ninitial data, forced with a space-time homogeneous Gaussian noise $\\dot{F}$\nthat is white in its time variable and correlated in its space variable, and\ndriven by the generator $L$ of a genuinely $d$-dimensional L\\'evy process $X$.\nWe find optimal H\\\"older conditions for the respective random-field solutions\nto these SPDEs. Our conditions are stated in terms of indices that describe\nthresholds on the integrability of some functionals of the characteristic\nexponent of the process $X$ with respect to the spectral measure of the spatial\ncovariance of $\\dot F$. Those indices are suggested by references [45, 46] on\nthe particular case that $L$ is the Laplace operator on $\\mathbb{R}^d$.",
          "arxiv_id": "2208.01728v2"
        },
        {
          "title": "Evolution of time-fractional stochastic hyperbolic diffusion equations on the unit sphere",
          "year": "2024-12",