{
  "topics": {
    "data": {
      "0": {
        "name": "0_groups_group_finite_subgroups",
        "keywords": [
          [
            "groups",
            0.08290227443167593
          ],
          [
            "group",
            0.07742683113139587
          ],
          [
            "finite",
            0.04760306100631706
          ],
          [
            "subgroups",
            0.0270401542019166
          ],
          [
            "subgroup",
            0.02580887569431547
          ],
          [
            "non",
            0.025467718435513705
          ],
          [
            "free",
            0.0252656763010328
          ],
          [
            "paper",
            0.024483896481928044
          ],
          [
            "class",
            0.021604249525632186
          ],
          [
            "results",
            0.02082887368477311
          ]
        ],
        "count": 8501
      },
      "1": {
        "name": "1_Baxter_solutions_Rota_Yang",
        "keywords": [
          [
            "Baxter",
            0.16361581573407538
          ],
          [
            "solutions",
            0.10130554646455046
          ],
          [
            "Rota",
            0.0948020627255858
          ],
          [
            "Yang",
            0.08658300449476838
          ],
          [
            "equation",
            0.07950033459054912
          ],
          [
            "skew",
            0.06410759281064322
          ],
          [
            "braces",
            0.05426700108672917
          ],
          [
            "operators",
            0.04141439925300634
          ],
          [
            "left",
            0.0350222366939212
          ],
          [
            "solution",
            0.034949240918986504
          ]
        ],
        "count": 97
      }
    },
    "correlations": [
      [
        1.0,
        -0.7127571915044852
      ],
      [
        -0.7127571915044852,
        1.0
      ]
    ],
    "series": {
      "2020-01": [
        97,
        3
      ],
      "2020-02": [
        134,
        2
      ],
      "2020-03": [
        116,
        3
      ],
      "2020-04": [
        136,
        1
      ],
      "2020-05": [
        116,
        2
      ],
      "2020-06": [
        139,
        1
      ],
      "2020-07": [
        116,
        2
      ],
      "2020-08": [
        111,
        4
      ],
      "2020-09": [
        125,
        2
      ],
      "2020-10": [
        141,
        2
      ],
      "2020-11": [
        106,
        2
      ],
      "2020-12": [
        112,
        2
      ],
      "2021-01": [
        106,
        1
      ],
      "2021-02": [
        106,
        5
      ],
      "2021-03": [
        120,
        1
      ],
      "2021-04": [
        82,
        3
      ],
      "2021-05": [
        112,
        3
      ],
      "2021-06": [
        119,
        1
      ],
      "2021-07": [
        121,
        2
      ],
      "2021-08": [
        82,
        0
      ],
      "2021-09": [
        98,
        2
      ],
      "2021-10": [
        105,
        2
      ],
      "2021-11": [
        103,
        0
      ],
      "2021-12": [
        127,
        1
      ],
      "2022-01": [
        111,
        1
      ],
      "2022-02": [
        121,
        3
      ],
      "2022-03": [
        117,
        4
      ],
      "2022-04": [
        122,
        1
      ],
      "2022-05": [
        112,
        3
      ],
      "2022-06": [
        132,
        4
      ],
      "2022-07": [
        117,
        1
      ],
      "2022-08": [
        125,
        2
      ],
      "2022-09": [
        127,
        3
      ],
      "2022-10": [
        129,
        2
      ],
      "2022-11": [
        113,
        1
      ],
      "2022-12": [
        123,
        3
      ],
      "2023-01": [
        110,
        3
      ],
      "2023-02": [
        102,
        4
      ],
      "2023-03": [
        143,
        7
      ],
      "2023-04": [
        134,
        2
      ],
      "2023-05": [
        139,
        3
      ],
      "2023-06": [
        102,
        3
      ],
      "2023-07": [
        122,
        1
      ],
      "2023-08": [
        132,
        0
      ],
      "2023-09": [
        129,
        2
      ],
      "2023-10": [
        132,
        2
      ],
      "2023-11": [
        111,
        5
      ],
      "2023-12": [
        130,
        4
      ],
      "2024-01": [
        139,
        3
      ],
      "2024-02": [
        135,
        3
      ],
      "2024-03": [
        136,
        1
      ],
      "2024-04": [
        105,
        3
      ],
      "2024-05": [
        142,
        9
      ],
      "2024-06": [
        113,
        1
      ],
      "2024-07": [
        140,
        2
      ],
      "2024-08": [
        118,
        2
      ],
      "2024-09": [
        137,
        2
      ],
      "2024-10": [
        169,
        4
      ],
      "2024-11": [
        126,
        2
      ],
      "2024-12": [
        145,
        5
      ],
      "2025-01": [
        104,
        3
      ],
      "2025-02": [
        119,
        2
      ],
      "2025-03": [
        138,
        2
      ],
      "2025-04": [
        170,
        2
      ],
      "2025-05": [
        138,
        3
      ],
      "2025-06": [
        128,
        6
      ],
      "2025-07": [
        158,
        2
      ],
      "2025-08": [
        127,
        6
      ],
      "2025-09": [
        82,
        4
      ]
    },
    "papers": {
      "0": [
        {
          "title": "CLT-groups with cyclic or abelian subgroups",
          "year": "2022-07",
          "abstract": "A finite group is called a CLT-group if it contains a subgroup corresponding\nto every divisor of the order of the group. It is said to be a Cyclic (Abelian)\nCLT group if it contains a cyclic (abelian) subgroup corresponding to every\nproper divisor of the order of the group. A natural number is said to be a CCLT\n(ACLT) number if every group of that order is a cyclic (abelian) CLT group. In\nthis work, we classify all CCLT and ACLT numbers and study various properties\nof Cyclic (Abelian) CLT groups. We also show that the classes of CCLT and ACLT\ngroups are contained in the class of supersolvable groups. Moreover, we\nintroduce the function CCLT-degree on the set of non-cyclic finite groups and\nstudy the properties of this function.",
          "arxiv_id": "2208.01415v2"
        },
        {
          "title": "Prescribed graphon symmetries and flavors of rigidity",
          "year": "2022-06",