{
  "topics": {
    "data": {
      "0": {
        "name": "0_model_data_models_treatment",
        "keywords": [
          [
            "model",
            0.030098569780890903
          ],
          [
            "data",
            0.02938072463042826
          ],
          [
            "models",
            0.0261857194517726
          ],
          [
            "treatment",
            0.024149577061299707
          ],
          [
            "effects",
            0.019640670513318807
          ],
          [
            "time",
            0.019629289269992467
          ],
          [
            "paper",
            0.019487985351885416
          ],
          [
            "estimation",
            0.018567357805540925
          ],
          [
            "estimator",
            0.017701366186946073
          ],
          [
            "method",
            0.0174728458444398
          ]
        ],
        "count": 3385
      },
      "1": {
        "name": "1_network_effects_peer_networks",
        "keywords": [
          [
            "network",
            0.07447697923606497
          ],
          [
            "effects",
            0.031880231325164515
          ],
          [
            "peer",
            0.0306313619947
          ],
          [
            "networks",
            0.02989834880222154
          ],
          [
            "model",
            0.028761230013293827
          ],
          [
            "estimator",
            0.028163181815012005
          ],
          [
            "data",
            0.026104567316528965
          ],
          [
            "formation",
            0.02331460716747558
          ],
          [
            "dyadic",
            0.020108596356415997
          ],
          [
            "peer effects",
            0.019694600136908196
          ]
        ],
        "count": 73
      }
    },
    "correlations": [
      [
        1.0,
        -0.08875210486883808
      ],
      [
        -0.08875210486883808,
        1.0
      ]
    ],
    "series": {
      "2020-01": [
        21,
        3
      ],
      "2020-02": [
        42,
        4
      ],
      "2020-03": [
        29,
        0
      ],
      "2020-04": [
        48,
        5
      ],
      "2020-05": [
        44,
        6
      ],
      "2020-06": [
        67,
        5
      ],
      "2020-07": [
        39,
        6
      ],
      "2020-08": [
        40,
        0
      ],
      "2020-09": [
        43,
        4
      ],
      "2020-10": [
        47,
        9
      ],
      "2020-11": [
        42,
        4
      ],
      "2020-12": [
        47,
        4
      ],
      "2021-01": [
        32,
        6
      ],
      "2021-02": [
        62,
        3
      ],
      "2021-03": [
        54,
        5
      ],
      "2021-04": [
        33,
        4
      ],
      "2021-05": [
        29,
        11
      ],
      "2021-06": [
        29,
        4
      ],
      "2021-07": [
        35,
        3
      ],
      "2021-08": [
        37,
        3
      ],
      "2021-09": [
        41,
        9
      ],
      "2021-10": [
        53,
        3
      ],
      "2021-11": [
        47,
        3
      ],
      "2021-12": [
        45,
        5
      ],
      "2022-01": [
        49,
        4
      ],
      "2022-02": [
        43,
        4
      ],
      "2022-03": [
        35,
        4
      ],
      "2022-04": [
        48,
        3
      ],
      "2022-05": [
        54,
        8
      ],
      "2022-06": [
        36,
        5
      ],
      "2022-07": [
        36,
        2
      ],
      "2022-08": [
        39,
        3
      ],
      "2022-09": [
        44,
        4
      ],
      "2022-10": [
        47,
        5
      ],
      "2022-11": [
        43,
        6
      ],
      "2022-12": [
        44,
        4
      ],
      "2023-01": [
        54,
        2
      ],
      "2023-02": [
        46,
        3
      ],
      "2023-03": [
        36,
        5
      ],
      "2023-04": [
        30,
        5
      ],
      "2023-05": [
        41,
        4
      ],
      "2023-06": [
        42,
        7
      ],
      "2023-07": [
        55,
        6
      ],
      "2023-08": [
        49,
        4
      ],
      "2023-09": [
        40,
        9
      ],
      "2023-10": [
        58,
        5
      ],
      "2023-11": [
        46,
        6
      ],
      "2023-12": [
        51,
        4
      ],
      "2024-01": [
        44,
        7
      ],
      "2024-02": [
        59,
        6
      ],
      "2024-03": [
        58,
        6
      ],
      "2024-04": [
        54,
        3
      ],
      "2024-05": [
        69,
        8
      ],
      "2024-06": [
        56,
        3
      ],
      "2024-07": [
        52,
        4
      ],
      "2024-08": [
        55,
        7
      ],
      "2024-09": [
        45,
        7
      ],
      "2024-10": [
        62,
        11
      ],
      "2024-11": [
        69,
        3
      ],
      "2024-12": [
        61,
        4
      ],
      "2025-01": [
        58,
        7
      ],
      "2025-02": [
        50,
        10
      ],
      "2025-03": [
        64,
        4
      ],
      "2025-04": [
        44,
        3
      ],
      "2025-05": [
        64,
        10
      ],
      "2025-06": [
        75,
        9
      ],
      "2025-07": [
        69,
        8
      ],
      "2025-08": [
        45,
        4
      ],
      "2025-09": [
        36,
        4
      ]
    },
    "papers": {
      "0": [
        {
          "title": "Semiparametric Estimation of Treatment Effects in Randomized Experiments",
          "year": "2021-09",
          "abstract": "We develop new semiparametric methods for estimating treatment effects. We\nfocus on settings where the outcome distributions may be thick tailed, where\ntreatment effects may be small, where sample sizes are large and where\nassignment is completely random. This setting is of particular interest in\nrecent online experimentation. We propose using parametric models for the\ntreatment effects, leading to semiparametric models for the outcome\ndistributions. We derive the semiparametric efficiency bound for the treatment\neffects for this setting, and propose efficient estimators. In the leading case\nwith constant quantile treatment effects one of the proposed efficient\nestimators has an interesting interpretation as a weighted average of quantile\ntreatment effects, with the weights proportional to minus the second derivative\nof the log of the density of the potential outcomes. Our analysis also suggests\nan extension of Huber's model and trimmed mean to include asymmetry.",
          "arxiv_id": "2109.02603v2"
        },
        {
          "title": "The Identification Power of Combining Experimental and Observational Data for Distributional Treatment Effect Parameters",
          "year": "2025-08",