{
  "topics": {
    "data": {
      "0": {
        "name": "0_species_model_population_dynamics",
        "keywords": [
          [
            "species",
            0.03279649822234694
          ],
          [
            "model",
            0.031780818901973956
          ],
          [
            "population",
            0.02897440726021031
          ],
          [
            "dynamics",
            0.021404661457517446
          ],
          [
            "models",
            0.020865711107862058
          ],
          [
            "evolutionary",
            0.01939005342656184
          ],
          [
            "evolution",
            0.01768573445430833
          ],
          [
            "time",
            0.017074031231215345
          ],
          [
            "tree",
            0.014501994033900347
          ],
          [
            "study",
            0.014302754254220207
          ]
        ],
        "count": 2639
      },
      "1": {
        "name": "1_model_COVID_epidemic_disease",
        "keywords": [
          [
            "model",
            0.051795120105181204
          ],
          [
            "COVID",
            0.04082180401701741
          ],
          [
            "epidemic",
            0.031728954813583794
          ],
          [
            "disease",
            0.029344310541809505
          ],
          [
            "data",
            0.02720554822088972
          ],
          [
            "number",
            0.024711732460706827
          ],
          [
            "time",
            0.023307315169080606
          ],
          [
            "infection",
            0.022880511447970098
          ],
          [
            "models",
            0.02280343734470356
          ],
          [
            "spread",
            0.022285472566425952
          ]
        ],
        "count": 2519
      }
    },
    "correlations": [
      [
        1.0,
        -0.22607537992404927
      ],
      [
        -0.22607537992404927,
        1.0
      ]
    ],
    "series": {
      "2020-01": [
        36,
        10
      ],
      "2020-02": [
        39,
        35
      ],
      "2020-03": [
        43,
        133
      ],
      "2020-04": [
        39,
        234
      ],
      "2020-05": [
        39,
        164
      ],
      "2020-06": [
        34,
        133
      ],
      "2020-07": [
        39,
        127
      ],
      "2020-08": [
        36,
        77
      ],
      "2020-09": [
        30,
        54
      ],
      "2020-10": [
        35,
        62
      ],
      "2020-11": [
        41,
        46
      ],
      "2020-12": [
        42,
        40
      ],
      "2021-01": [
        29,
        36
      ],
      "2021-02": [
        40,
        44
      ],
      "2021-03": [
        39,
        50
      ],
      "2021-04": [
        40,
        36
      ],
      "2021-05": [
        29,
        28
      ],
      "2021-06": [
        30,
        42
      ],
      "2021-07": [
        39,
        31
      ],
      "2021-08": [
        30,
        26
      ],
      "2021-09": [
        39,
        43
      ],
      "2021-10": [
        33,
        27
      ],
      "2021-11": [
        55,
        34
      ],
      "2021-12": [
        40,
        32
      ],
      "2022-01": [
        35,
        31
      ],
      "2022-02": [
        45,
        32
      ],
      "2022-03": [
        29,
        16
      ],
      "2022-04": [
        32,
        17
      ],
      "2022-05": [
        33,
        34
      ],
      "2022-06": [
        31,
        18
      ],
      "2022-07": [
        30,
        29
      ],
      "2022-08": [
        20,
        32
      ],
      "2022-09": [
        29,
        20
      ],
      "2022-10": [
        40,
        26
      ],
      "2022-11": [
        34,
        27
      ],
      "2022-12": [
        30,
        14
      ],
      "2023-01": [
        38,
        19
      ],
      "2023-02": [
        33,
        20
      ],
      "2023-03": [
        49,
        27
      ],
      "2023-04": [
        42,
        14
      ],
      "2023-05": [
        38,
        21
      ],
      "2023-06": [
        40,
        26
      ],
      "2023-07": [
        43,
        18
      ],
      "2023-08": [
        33,
        12
      ],
      "2023-09": [
        40,
        19
      ],
      "2023-10": [
        43,
        18
      ],
      "2023-11": [
        49,
        24
      ],
      "2023-12": [
        28,
        23
      ],
      "2024-01": [
        36,
        19
      ],
      "2024-02": [
        33,
        12
      ],
      "2024-03": [
        42,
        20
      ],
      "2024-04": [
        31,
        22
      ],
      "2024-05": [
        57,
        20
      ],
      "2024-06": [
        34,
        12
      ],
      "2024-07": [
        39,
        17
      ],
      "2024-08": [
        31,
        15
      ],
      "2024-09": [
        59,
        20
      ],
      "2024-10": [
        59,
        22
      ],
      "2024-11": [
        52,
        25
      ],
      "2024-12": [
        46,
        22
      ],
      "2025-01": [
        40,
        20
      ],
      "2025-02": [
        47,
        15
      ],
      "2025-03": [
        49,
        27
      ],
      "2025-04": [
        51,
        28
      ],
      "2025-05": [
        32,
        20
      ],
      "2025-06": [
        52,
        17
      ],
      "2025-07": [
        52,
        15
      ],
      "2025-08": [
        52,
        17
      ],
      "2025-09": [
        25,
        13
      ]
    },
    "papers": {
      "0": [
        {
          "title": "Adaptation to a changing environment: what me Normal?",
          "year": "2022-06",
          "abstract": "Predicting the adaptation of populations to a changing environment is crucial\nto assess the impact of human activities on biodiversity. Many theoretical\nstudies have tackled this issue by modeling the evolution of quantitative\ntraits subject to stabilizing selection around an optimum phenotype, whose\nvalue is shifted continuously through time. In this context, the population\nfate results from the equilibrium distribution of the trait, relative to the\nmoving optimum. Such a distribution may vary with the shape of selection, the\nsystem of reproduction, the number of loci, the mutation kernel or their\ninteractions. Here, we develop a methodology that provides quantitative\nmeasures of population maladaptation and potential of survival directly from\nthe entire profile of the phenotypic distribution, without any a priori on its\nshape.We investigate two different models of reproduction (asexual and\ninfinitesimal sexual models of inheritance), with general forms of selection.In\nparticular, we recover that fitness functions such that selection weakens away\nfrom the optimum lead to evolutionary tipping points, with an abrupt collapse\nof the population when the speed of environmental change is too high. Our\nunified framework furthermore allows highlighting the underlying mechanisms\nthat lead to this phenomenon. More generally, it allows discussing similarities\nand discrepancies between the two reproduction models, the latter being\nultimately explained by different constraints on the evolution of the\nphenotypic variance. We demonstrate that the mean fitness in the population\ncrucially depends on the shape of the selection function in the sexual\ninfinitesimal model, in contrast with the asexual model.In the asexual model,\nwe also investigate the effect of the mutation kernel and we show that kernels\nwith higher kurtosis tend to reduce maladaptation and improve fitness,\nespecially in fast changing environments.",
          "arxiv_id": "2206.13248v1"
        },
        {
          "title": "Demographic noise in complex ecological communities",
          "year": "2022-07",