{
  "topics": {
    "data": {
      "0": {
        "name": "0_data_model_economic_study",
        "keywords": [
          [
            "data",
            0.023425037360635014
          ],
          [
            "model",
            0.022957086896090922
          ],
          [
            "economic",
            0.021593672826710403
          ],
          [
            "study",
            0.01979448908920073
          ],
          [
            "market",
            0.01709274517082666
          ],
          [
            "paper",
            0.016561806281782106
          ],
          [
            "results",
            0.015169171314202303
          ],
          [
            "analysis",
            0.014266667174749212
          ],
          [
            "policy",
            0.014140552964875349
          ],
          [
            "impact",
            0.013962553229918793
          ]
        ],
        "count": 4714
      },
      "1": {
        "name": "1_blockchain_Bitcoin_digital_market",
        "keywords": [
          [
            "blockchain",
            0.03960924636151121
          ],
          [
            "Bitcoin",
            0.039081516865219094
          ],
          [
            "digital",
            0.029729983688201955
          ],
          [
            "market",
            0.021013273615495993
          ],
          [
            "decentralized",
            0.02097031748827691
          ],
          [
            "transaction",
            0.01944475914842917
          ],
          [
            "DeFi",
            0.01869006582585521
          ],
          [
            "paper",
            0.01643526382648537
          ],
          [
            "transactions",
            0.016203296335808755
          ],
          [
            "currency",
            0.015402010580291435
          ]
        ],
        "count": 193
      }
    },
    "correlations": [
      [
        1.0,
        -0.03217346851199756
      ],
      [
        -0.03217346851199756,
        1.0
      ]
    ],
    "series": {
      "2020-01": [
        52,
        0
      ],
      "2020-02": [
        25,
        0
      ],
      "2020-03": [
        47,
        1
      ],
      "2020-04": [
        46,
        2
      ],
      "2020-05": [
        50,
        0
      ],
      "2020-06": [
        59,
        3
      ],
      "2020-07": [
        56,
        0
      ],
      "2020-08": [
        36,
        1
      ],
      "2020-09": [
        46,
        1
      ],
      "2020-10": [
        72,
        2
      ],
      "2020-11": [
        74,
        2
      ],
      "2020-12": [
        90,
        1
      ],
      "2021-01": [
        83,
        3
      ],
      "2021-02": [
        89,
        7
      ],
      "2021-03": [
        80,
        0
      ],
      "2021-04": [
        92,
        1
      ],
      "2021-05": [
        87,
        2
      ],
      "2021-06": [
        76,
        0
      ],
      "2021-07": [
        81,
        3
      ],
      "2021-08": [
        63,
        0
      ],
      "2021-09": [
        53,
        5
      ],
      "2021-10": [
        56,
        2
      ],
      "2021-11": [
        62,
        2
      ],
      "2021-12": [
        60,
        2
      ],
      "2022-01": [
        62,
        4
      ],
      "2022-02": [
        58,
        4
      ],
      "2022-03": [
        53,
        0
      ],
      "2022-04": [
        44,
        3
      ],
      "2022-05": [
        58,
        2
      ],
      "2022-06": [
        82,
        3
      ],
      "2022-07": [
        40,
        4
      ],
      "2022-08": [
        47,
        0
      ],
      "2022-09": [
        70,
        2
      ],
      "2022-10": [
        45,
        3
      ],
      "2022-11": [
        55,
        2
      ],
      "2022-12": [
        72,
        4
      ],
      "2023-01": [
        53,
        2
      ],
      "2023-02": [
        62,
        2
      ],
      "2023-03": [
        72,
        4
      ],
      "2023-04": [
        72,
        2
      ],
      "2023-05": [
        67,
        4
      ],
      "2023-06": [
        64,
        4
      ],
      "2023-07": [
        56,
        3
      ],
      "2023-08": [
        66,
        3
      ],
      "2023-09": [
        58,
        1
      ],
      "2023-10": [
        69,
        9
      ],
      "2023-11": [
        82,
        4
      ],
      "2023-12": [
        93,
        2
      ],
      "2024-01": [
        79,
        3
      ],
      "2024-02": [
        84,
        2
      ],
      "2024-03": [
        71,
        2
      ],
      "2024-04": [
        73,
        7
      ],
      "2024-05": [
        85,
        4
      ],
      "2024-06": [
        60,
        3
      ],
      "2024-07": [
        71,
        5
      ],
      "2024-08": [
        66,
        3
      ],
      "2024-09": [
        82,
        3
      ],
      "2024-10": [
        80,
        4
      ],
      "2024-11": [
        87,
        2
      ],
      "2024-12": [
        90,
        6
      ],
      "2025-01": [
        86,
        3
      ],
      "2025-02": [
        92,
        2
      ],
      "2025-03": [
        122,
        4
      ],
      "2025-04": [
        100,
        1
      ],
      "2025-05": [
        119,
        3
      ],
      "2025-06": [
        94,
        3
      ],
      "2025-07": [
        104,
        4
      ],
      "2025-08": [
        116,
        1
      ],
      "2025-09": [
        46,
        2
      ]
    },
    "papers": {
      "0": [
        {
          "title": "The Dynamic Persistence of Economic Shocks",
          "year": "2023-06",
          "abstract": "We propose a novel framework for modeling time-varying persistence in\neconomic time series, allowing for smoothly evolving heterogeneity in shock\ndynamics. We leverage localized regression techniques to flexibly identify\nchanges in persistence over time, offering a data-driven alternative to\ntraditional parametric models. We applied this methodology to U.S. inflation\nand stock market volatility data and found substantial persistence variations\nthat align with key macroeconomic events and market conditions. The results\nreveal previously undetected pockets of predictability and provide significant\nincreases in out-of-sample forecast accuracy. These findings have important\nimplications for economic modeling, forecasting, and policy analysis.",
          "arxiv_id": "2306.01511v2"
        },
        {
          "title": "Breaking the general election effect. The impact of the 2020 US presidential election on Chinese economy and counter strategies",
          "year": "2023-04",