{
  "topics": {
    "data": {
      "0": {
        "name": "0_performance_data_time_memory",
        "keywords": [
          [
            "performance",
            0.058668794689211844
          ],
          [
            "data",
            0.036570400788166355
          ],
          [
            "time",
            0.03360089766006358
          ],
          [
            "memory",
            0.030063425998250317
          ],
          [
            "model",
            0.02912984694954877
          ],
          [
            "models",
            0.027223060741021526
          ],
          [
            "paper",
            0.026593916684882847
          ],
          [
            "systems",
            0.026051510296679473
          ],
          [
            "applications",
            0.023977139841930006
          ],
          [
            "results",
            0.0222562466785285
          ]
        ],
        "count": 2546
      },
      "1": {
        "name": "1_blockchain_consensus_Blockchain_performance",
        "keywords": [
          [
            "blockchain",
            0.09361688845698511
          ],
          [
            "consensus",
            0.0429661672291381
          ],
          [
            "Blockchain",
            0.035917721254902474
          ],
          [
            "performance",
            0.03485890162492683
          ],
          [
            "transaction",
            0.03445507306757613
          ],
          [
            "Fabric",
            0.03300176482624488
          ],
          [
            "Hyperledger",
            0.032037885931702974
          ],
          [
            "blockchains",
            0.029568914053459714
          ],
          [
            "transactions",
            0.029286812107439705
          ],
          [
            "systems",
            0.028605181921646506
          ]
        ],
        "count": 57
      }
    },
    "correlations": [
      [
        1.0,
        -0.17632704801986737
      ],
      [
        -0.17632704801986737,
        1.0
      ]
    ],
    "series": {
      "2020-01": [
        35,
        0
      ],
      "2020-02": [
        48,
        1
      ],
      "2020-03": [
        38,
        2
      ],
      "2020-04": [
        39,
        3
      ],
      "2020-05": [
        35,
        0
      ],
      "2020-06": [
        22,
        0
      ],
      "2020-07": [
        32,
        2
      ],
      "2020-08": [
        39,
        0
      ],
      "2020-09": [
        33,
        0
      ],
      "2020-10": [
        43,
        0
      ],
      "2020-11": [
        42,
        1
      ],
      "2020-12": [
        29,
        1
      ],
      "2021-01": [
        39,
        2
      ],
      "2021-02": [
        32,
        3
      ],
      "2021-03": [
        23,
        1
      ],
      "2021-04": [
        52,
        1
      ],
      "2021-05": [
        33,
        0
      ],
      "2021-06": [
        26,
        0
      ],
      "2021-07": [
        26,
        2
      ],
      "2021-08": [
        30,
        0
      ],
      "2021-09": [
        52,
        1
      ],
      "2021-10": [
        31,
        0
      ],
      "2021-11": [
        17,
        0
      ],
      "2021-12": [
        35,
        2
      ],
      "2022-01": [
        24,
        1
      ],
      "2022-02": [
        29,
        1
      ],
      "2022-03": [
        25,
        2
      ],
      "2022-04": [
        25,
        0
      ],
      "2022-05": [
        36,
        1
      ],
      "2022-06": [
        34,
        0
      ],
      "2022-07": [
        25,
        2
      ],
      "2022-08": [
        22,
        1
      ],
      "2022-09": [
        36,
        1
      ],
      "2022-10": [
        24,
        3
      ],
      "2022-11": [
        30,
        1
      ],
      "2022-12": [
        27,
        0
      ],
      "2023-01": [
        25,
        0
      ],
      "2023-02": [
        20,
        1
      ],
      "2023-03": [
        37,
        1
      ],
      "2023-04": [
        41,
        1
      ],
      "2023-05": [
        35,
        0
      ],
      "2023-06": [
        34,
        1
      ],
      "2023-07": [
        29,
        0
      ],
      "2023-08": [
        42,
        0
      ],
      "2023-09": [
        42,
        2
      ],
      "2023-10": [
        41,
        1
      ],
      "2023-11": [
        43,
        1
      ],
      "2023-12": [
        45,
        1
      ],
      "2024-01": [
        42,
        0
      ],
      "2024-02": [
        32,
        1
      ],
      "2024-03": [
        31,
        0
      ],
      "2024-04": [
        32,
        0
      ],
      "2024-05": [
        42,
        0
      ],
      "2024-06": [
        33,
        0
      ],
      "2024-07": [
        35,
        0
      ],
      "2024-08": [
        33,
        1
      ],
      "2024-09": [
        42,
        1
      ],
      "2024-10": [
        45,
        0
      ],
      "2024-11": [
        44,
        1
      ],
      "2024-12": [
        47,
        1
      ],
      "2025-01": [
        48,
        0
      ],
      "2025-02": [
        50,
        0
      ],
      "2025-03": [
        60,
        0
      ],
      "2025-04": [
        45,
        1
      ],
      "2025-05": [
        66,
        1
      ],
      "2025-06": [
        63,
        2
      ],
      "2025-07": [
        51,
        1
      ],
      "2025-08": [
        70,
        0
      ],
      "2025-09": [
        35,
        1
      ]
    },
    "papers": {
      "0": [
        {
          "title": "Selective Edge Computing for Mobile Analytics",
          "year": "2022-01",
          "abstract": "An increasing number of mobile applications rely on Machine Learning (ML)\nroutines for analyzing data. Executing such tasks at the user devices saves the\nenergy spent on transmitting and processing large data volumes at distant\ncloud-deployed servers. However, due to memory and computing limitations, the\ndevices often cannot support the required resource-intensive routines and fail\nto accurately execute the tasks. In this work, we address the problem of\nedge-assisted analytics in resource-constrained systems by proposing and\nevaluating a rigorous selective offloading framework. The devices execute their\ntasks locally and outsource them to cloudlet servers only when they predict a\nsignificant performance improvement. We consider the practical scenario where\nthe offloading gain and resource costs are time-varying; and propose an online\noptimization algorithm that maximizes the service performance without requiring\nto know this information. Our approach relies on an approximate dual\nsubgradient method combined with a primal-averaging scheme, and works under\nminimal assumptions about the system stochasticity. We fully implement the\nproposed algorithm in a wireless testbed and evaluate its performance using a\nstate-of-the-art image recognition application, finding significant performance\ngains and cost savings.",
          "arxiv_id": "2201.02840v1"
        },
        {
          "title": "Comparative Code Structure Analysis using Deep Learning for Performance Prediction",
          "year": "2021-02",