{
  "topics": {
    "data": {
      "0": {
        "name": "0_network_data_In_networks",
        "keywords": [
          [
            "network",
            0.04286060412952949
          ],
          [
            "data",
            0.03004545991639146
          ],
          [
            "In",
            0.02736755632251057
          ],
          [
            "networks",
            0.026775132320475386
          ],
          [
            "performance",
            0.02313610354909621
          ],
          [
            "paper",
            0.022359682718346152
          ],
          [
            "time",
            0.02041576581103282
          ],
          [
            "communication",
            0.020239438884313846
          ],
          [
            "proposed",
            0.018812400991193856
          ],
          [
            "model",
            0.018612619219075983
          ]
        ],
        "count": 11936
      },
      "1": {
        "name": "1_quantum_Quantum_entanglement_network",
        "keywords": [
          [
            "quantum",
            0.16335865861709778
          ],
          [
            "Quantum",
            0.05866126042044629
          ],
          [
            "entanglement",
            0.0554425966765004
          ],
          [
            "network",
            0.03564249074306871
          ],
          [
            "networks",
            0.03230932345004144
          ],
          [
            "quantum networks",
            0.026385046173645697
          ],
          [
            "QKD",
            0.02499958547824944
          ],
          [
            "classical",
            0.022052627602218062
          ],
          [
            "distribution",
            0.020531924271393245
          ],
          [
            "communication",
            0.020494319201043238
          ]
        ],
        "count": 313
      }
    },
    "correlations": [
      [
        1.0,
        -0.7292009332387732
      ],
      [
        -0.7292009332387732,
        1.0
      ]
    ],
    "series": {
      "2020-01": [
        155,
        1
      ],
      "2020-02": [
        177,
        1
      ],
      "2020-03": [
        161,
        6
      ],
      "2020-04": [
        198,
        1
      ],
      "2020-05": [
        176,
        2
      ],
      "2020-06": [
        174,
        1
      ],
      "2020-07": [
        181,
        3
      ],
      "2020-08": [
        167,
        0
      ],
      "2020-09": [
        133,
        1
      ],
      "2020-10": [
        168,
        3
      ],
      "2020-11": [
        148,
        1
      ],
      "2020-12": [
        165,
        6
      ],
      "2021-01": [
        184,
        1
      ],
      "2021-02": [
        172,
        0
      ],
      "2021-03": [
        147,
        0
      ],
      "2021-04": [
        169,
        1
      ],
      "2021-05": [
        195,
        5
      ],
      "2021-06": [
        164,
        3
      ],
      "2021-07": [
        144,
        1
      ],
      "2021-08": [
        138,
        1
      ],
      "2021-09": [
        169,
        2
      ],
      "2021-10": [
        159,
        2
      ],
      "2021-11": [
        152,
        7
      ],
      "2021-12": [
        148,
        8
      ],
      "2022-01": [
        211,
        1
      ],
      "2022-02": [
        161,
        2
      ],
      "2022-03": [
        161,
        2
      ],
      "2022-04": [
        142,
        4
      ],
      "2022-05": [
        176,
        10
      ],
      "2022-06": [
        115,
        1
      ],
      "2022-07": [
        136,
        5
      ],
      "2022-08": [
        153,
        1
      ],
      "2022-09": [
        167,
        3
      ],
      "2022-10": [
        159,
        4
      ],
      "2022-11": [
        173,
        4
      ],
      "2022-12": [
        139,
        6
      ],
      "2023-01": [
        154,
        5
      ],
      "2023-02": [
        137,
        0
      ],
      "2023-03": [
        152,
        3
      ],
      "2023-04": [
        140,
        6
      ],
      "2023-05": [
        163,
        11
      ],
      "2023-06": [
        156,
        8
      ],
      "2023-07": [
        173,
        7
      ],
      "2023-08": [
        161,
        7
      ],
      "2023-09": [
        181,
        1
      ],
      "2023-10": [
        187,
        5
      ],
      "2023-11": [
        165,
        5
      ],
      "2023-12": [
        200,
        7
      ],
      "2024-01": [
        204,
        8
      ],
      "2024-02": [
        213,
        6
      ],
      "2024-03": [
        194,
        2
      ],
      "2024-04": [
        196,
        7
      ],
      "2024-05": [
        215,
        15
      ],
      "2024-06": [
        161,
        6
      ],
      "2024-07": [
        204,
        13
      ],
      "2024-08": [
        166,
        8
      ],
      "2024-09": [
        169,
        10
      ],
      "2024-10": [
        199,
        9
      ],
      "2024-11": [
        192,
        5
      ],
      "2024-12": [
        185,
        6
      ],
      "2025-01": [
        237,
        11
      ],
      "2025-02": [
        192,
        7
      ],
      "2025-03": [
        201,
        6
      ],
      "2025-04": [
        177,
        8
      ],
      "2025-05": [
        215,
        10
      ],
      "2025-06": [
        184,
        6
      ],
      "2025-07": [
        236,
        8
      ],
      "2025-08": [
        249,
        9
      ],
      "2025-09": [
        120,
        9
      ]
    },
    "papers": {
      "0": [
        {
          "title": "Mitigating xApp conflicts for efficient network slicing in 6G O-RAN: a graph convolutional-based attention network approach",
          "year": "2025-04",
          "abstract": "O-RAN (Open-Radio Access Network) offers a flexible, open architecture for\nnext-generation wireless networks. Network slicing within O-RAN allows network\noperators to create customized virtual networks, each tailored to meet the\nspecific needs of a particular application or service. Efficiently managing\nthese slices is crucial for future 6G networks. O-RAN introduces specialized\nsoftware applications called xApps that manage different network functions. In\nnetwork slicing, an xApp can be responsible for managing a separate network\nslice. To optimize resource allocation across numerous network slices, these\nxApps must coordinate. Traditional methods where all xApps communicate freely\ncan lead to excessive overhead, hindering network performance. In this paper,\nwe address the issue of xApp conflict mitigation by proposing an innovative\nZero-Touch Management (ZTM) solution for radio resource management in O-RAN.\nOur approach leverages Multi-Agent Reinforcement Learning (MARL) to enable\nxApps to learn and optimize resource allocation without the need for constant\nmanual intervention. We introduce a Graph Convolutional Network (GCN)-based\nattention mechanism to streamline communication among xApps, reducing overhead\nand improving overall system efficiency. Our results compare traditional MARL,\nwhere all xApps communicate, against our MARL GCN-based attention method. The\nfindings demonstrate the superiority of our approach, especially as the number\nof xApps increases, ultimately providing a scalable and efficient solution for\noptimal network slicing management in O-RAN.",
          "arxiv_id": "2504.17590v1"
        },
        {
          "title": "Learning from Peers: Deep Transfer Reinforcement Learning for Joint Radio and Cache Resource Allocation in 5G RAN Slicing",
          "year": "2021-09",