{
  "topics": {
    "data": {
      "0": {
        "name": "0_detector_high_energy_time",
        "keywords": [
          [
            "detector",
            0.03276535698195154
          ],
          [
            "high",
            0.02749361412375516
          ],
          [
            "energy",
            0.024135507741222462
          ],
          [
            "time",
            0.02294858241965215
          ],
          [
            "data",
            0.020977255533778903
          ],
          [
            "detectors",
            0.020597694851561515
          ],
          [
            "resolution",
            0.019593329602061078
          ],
          [
            "low",
            0.018096854705928558
          ],
          [
            "performance",
            0.01770461008009989
          ],
          [
            "results",
            0.016612930636972525
          ]
        ],
        "count": 9200
      },
      "1": {
        "name": "1_axion_dark_matter_dark matter",
        "keywords": [
          [
            "axion",
            0.09668210619651701
          ],
          [
            "dark",
            0.05366271732208015
          ],
          [
            "matter",
            0.0477729209250061
          ],
          [
            "dark matter",
            0.04563959213988042
          ],
          [
            "cavity",
            0.03925721737756918
          ],
          [
            "search",
            0.03461180108860404
          ],
          [
            "haloscope",
            0.029001738500536185
          ],
          [
            "axions",
            0.028691153139119734
          ],
          [
            "mass",
            0.026179329378485452
          ],
          [
            "Axion",
            0.02471256708260876
          ]
        ],
        "count": 177
      }
    },
    "correlations": [
      [
        1.0,
        -0.6083744873820996
      ],
      [
        -0.6083744873820996,
        1.0
      ]
    ],
    "series": {
      "2020-01": [
        100,
        15
      ],
      "2020-02": [
        147,
        15
      ],
      "2020-03": [
        143,
        14
      ],
      "2020-04": [
        155,
        19
      ],
      "2020-05": [
        176,
        13
      ],
      "2020-06": [
        145,
        15
      ],
      "2020-07": [
        119,
        16
      ],
      "2020-08": [
        97,
        13
      ],
      "2020-09": [
        123,
        9
      ],
      "2020-10": [
        150,
        12
      ],
      "2020-11": [
        112,
        10
      ],
      "2020-12": [
        113,
        9
      ],
      "2021-01": [
        108,
        11
      ],
      "2021-02": [
        107,
        11
      ],
      "2021-03": [
        114,
        9
      ],
      "2021-04": [
        98,
        9
      ],
      "2021-05": [
        114,
        12
      ],
      "2021-06": [
        124,
        9
      ],
      "2021-07": [
        138,
        8
      ],
      "2021-08": [
        84,
        10
      ],
      "2021-09": [
        107,
        11
      ],
      "2021-10": [
        137,
        19
      ],
      "2021-11": [
        153,
        18
      ],
      "2021-12": [
        169,
        15
      ],
      "2022-01": [
        128,
        17
      ],
      "2022-02": [
        138,
        11
      ],
      "2022-03": [
        186,
        19
      ],
      "2022-04": [
        114,
        15
      ],
      "2022-05": [
        126,
        12
      ],
      "2022-06": [
        116,
        11
      ],
      "2022-07": [
        99,
        10
      ],
      "2022-08": [
        113,
        12
      ],
      "2022-09": [
        153,
        11
      ],
      "2022-10": [
        130,
        13
      ],
      "2022-11": [
        149,
        12
      ],
      "2022-12": [
        119,
        16
      ],
      "2023-01": [
        129,
        10
      ],
      "2023-02": [
        107,
        11
      ],
      "2023-03": [
        124,
        15
      ],
      "2023-04": [
        92,
        18
      ],
      "2023-05": [
        109,
        15
      ],
      "2023-06": [
        98,
        16
      ],
      "2023-07": [
        103,
        7
      ],
      "2023-08": [
        97,
        7
      ],
      "2023-09": [
        122,
        21
      ],
      "2023-10": [
        136,
        17
      ],
      "2023-11": [
        141,
        18
      ],
      "2023-12": [
        126,
        10
      ],
      "2024-01": [
        125,
        14
      ],
      "2024-02": [
        119,
        14
      ],
      "2024-03": [
        123,
        22
      ],
      "2024-04": [
        85,
        17
      ],
      "2024-05": [
        117,
        11
      ],
      "2024-06": [
        119,
        10
      ],
      "2024-07": [
        111,
        12
      ],
      "2024-08": [
        95,
        13
      ],
      "2024-09": [
        118,
        11
      ],
      "2024-10": [
        139,
        13
      ],
      "2024-11": [
        119,
        8
      ],
      "2024-12": [
        110,
        13
      ],
      "2025-01": [
        136,
        10
      ],
      "2025-02": [
        136,
        10
      ],
      "2025-03": [
        192,
        16
      ],
      "2025-04": [
        119,
        9
      ],
      "2025-05": [
        122,
        17
      ],
      "2025-06": [
        123,
        11
      ],
      "2025-07": [
        114,
        18
      ],
      "2025-08": [
        116,
        11
      ],
      "2025-09": [
        71,
        5
      ]
    },
    "papers": {
      "0": [
        {
          "title": "Test Beam Characterization of a Digital Silicon Photomultiplier",
          "year": "2024-12",
          "abstract": "Conventional silicon photomultipliers (SiPMs) are well established as light\ndetectors with single-photon-detection capability and used throughout high\nenergy physics, medical, and commercial applications. The possibility to\nproduce single photon avalanche diodes (SPADs) in commercial CMOS processes\ncreates the opportunity to combine a matrix of SPADs and an\napplication-specific integrated circuit in the same die. The potential of such\ndigital SiPMs (dSiPMs) is still being explored, while it already is an\nestablished technology in certain applications, like light detection and\nranging (LiDAR).\n  A prototype dSiPM, produced in the LFoundry 150-nm CMOS technology, was\ndesigned and tested at DESY. The dSiPM central part is a matrix of 32 by 32\npixels. Each pixel contains four SPADs, a digital front-end, and has an area of\n69.6 $\\times$ 76 um$^2$. The chip has four time-to-digital converters and\nincludes further circuitry for data serialization and data links.\n  This work focuses on the characterization of the prototype in an electron\nbeam at the DESY II Test Beam facility, to study its capability as a tracking\nand timing detector for minimum ionizing particles (MIPs). The MIP detection\nefficiency is found to be dominated by the fill factor and on the order of 31\n%. The position of the impinging MIPs can be measured with a precision of about\n20 um, and the time of the interaction can be measured with a precision better\nthan 50 ps for about 85 % of the detected events. In addition, laboratory\nstudies on the breakdown voltage, dark count rate, and crosstalk probability,\nas well as the experimental methods required for the characterization of such a\nsensor type in a particle beam are presented.",
          "arxiv_id": "2412.06687v1"
        },
        {
          "title": "MeV-scale performance of water-based and pure liquid scintillator detectors",
          "year": "2020-07",