{
  "topics": {
    "data": {
      "0": {
        "name": "0_stars_mass_star_stellar",
        "keywords": [
          [
            "stars",
            0.03994633199257741
          ],
          [
            "mass",
            0.029213999369441638
          ],
          [
            "star",
            0.026320789175058062
          ],
          [
            "stellar",
            0.024715672554931453
          ],
          [
            "binary",
            0.015395722981233472
          ],
          [
            "data",
            0.0147730477767714
          ],
          [
            "observations",
            0.014358052632071195
          ],
          [
            "high",
            0.014227371875794178
          ],
          [
            "evolution",
            0.014017415588431304
          ],
          [
            "models",
            0.013871739943177107
          ]
        ],
        "count": 19007
      },
      "1": {
        "name": "1_solar_magnetic_field_Solar",
        "keywords": [
          [
            "solar",
            0.050032960961277954
          ],
          [
            "magnetic",
            0.04052643091086482
          ],
          [
            "field",
            0.027480164800967724
          ],
          [
            "Solar",
            0.022531353382659648
          ],
          [
            "coronal",
            0.02234818558443028
          ],
          [
            "flux",
            0.01886995011195263
          ],
          [
            "magnetic field",
            0.018768136570561887
          ],
          [
            "observations",
            0.017280054185170344
          ],
          [
            "flare",
            0.015795871224436965
          ],
          [
            "plasma",
            0.015640380411428262
          ]
        ],
        "count": 5766
      }
    },
    "correlations": [
      [
        1.0,
        -0.3903027212309074
      ],
      [
        -0.3903027212309074,
        1.0
      ]
    ],
    "series": {
      "2020-01": [
        280,
        80
      ],
      "2020-02": [
        286,
        81
      ],
      "2020-03": [
        268,
        84
      ],
      "2020-04": [
        266,
        82
      ],
      "2020-05": [
        268,
        108
      ],
      "2020-06": [
        356,
        101
      ],
      "2020-07": [
        299,
        108
      ],
      "2020-08": [
        253,
        99
      ],
      "2020-09": [
        289,
        121
      ],
      "2020-10": [
        294,
        115
      ],
      "2020-11": [
        292,
        84
      ],
      "2020-12": [
        259,
        88
      ],
      "2021-01": [
        223,
        116
      ],
      "2021-02": [
        213,
        97
      ],
      "2021-03": [
        276,
        108
      ],
      "2021-04": [
        226,
        90
      ],
      "2021-05": [
        233,
        85
      ],
      "2021-06": [
        224,
        93
      ],
      "2021-07": [
        260,
        97
      ],
      "2021-08": [
        226,
        82
      ],
      "2021-09": [
        285,
        109
      ],
      "2021-10": [
        248,
        92
      ],
      "2021-11": [
        294,
        70
      ],
      "2021-12": [
        219,
        88
      ],
      "2022-01": [
        221,
        94
      ],
      "2022-02": [
        225,
        79
      ],
      "2022-03": [
        293,
        100
      ],
      "2022-04": [
        219,
        85
      ],
      "2022-05": [
        261,
        103
      ],
      "2022-06": [
        319,
        82
      ],
      "2022-07": [
        236,
        91
      ],
      "2022-08": [
        226,
        82
      ],
      "2022-09": [
        295,
        100
      ],
      "2022-10": [
        282,
        98
      ],
      "2022-11": [
        263,
        128
      ],
      "2022-12": [
        203,
        96
      ],
      "2023-01": [
        290,
        105
      ],
      "2023-02": [
        239,
        79
      ],
      "2023-03": [
        296,
        102
      ],
      "2023-04": [
        225,
        74
      ],
      "2023-05": [
        256,
        92
      ],
      "2023-06": [
        301,
        101
      ],
      "2023-07": [
        264,
        86
      ],
      "2023-08": [
        246,
        88
      ],
      "2023-09": [
        277,
        96
      ],
      "2023-10": [
        319,
        83
      ],
      "2023-11": [
        255,
        80
      ],
      "2023-12": [
        210,
        77
      ],
      "2024-01": [
        297,
        118
      ],
      "2024-02": [
        220,
        107
      ],
      "2024-03": [
        257,
        96
      ],
      "2024-04": [
        280,
        81
      ],
      "2024-05": [
        301,
        107
      ],
      "2024-06": [
        238,
        76
      ],
      "2024-07": [
        278,
        92
      ],
      "2024-08": [
        248,
        84
      ],
      "2024-09": [
        275,
        111
      ],
      "2024-10": [
        326,
        116
      ],
      "2024-11": [
        293,
        80
      ],
      "2024-12": [
        267,
        80
      ],
      "2025-01": [
        269,
        96
      ],
      "2025-02": [
        247,
        88
      ],
      "2025-03": [
        310,
        94
      ],
      "2025-04": [
        284,
        102
      ],
      "2025-05": [
        281,
        129
      ],
      "2025-06": [
        277,
        96
      ],
      "2025-07": [
        320,
        106
      ],
      "2025-08": [
        267,
        94
      ],
      "2025-09": [
        182,
        66
      ]
    },
    "papers": {
      "0": [
        {
          "title": "Carbon enrichment in APOGEE disk stars as evidence of mass transfer in binaries",
          "year": "2024-07",
          "abstract": "Carbon abundances in first-ascent giant stars are usually lower than those of\ntheir main-sequence counterparts. At moderate metallicities, stellar evolution\nof single stars cannot account for the existence of red-giant branch stars with\nenhanced carbon abundances. The phenomenon is usually interpreted as resulting\nfrom past mass transfer from an evolved binary companion now in the white dwarf\nevolutionary stage. Aims: We aim to confirm the links between [C/O]\nenhancement, s-process element enhancement and binary fraction using\nlarge-scale catalogues of stellar abundances and probable binary stars.\nMethods: We use a large data set from the 17 data release of the\nSDSS-IV/APOGEE~2 survey to identify carbon-enhanced stars in the Galactic disk.\nWe identify a continuum of carbon enrichment throughout three different\nsub-populations of disk stars and explore links between the degree of carbon\nenrichment and binary frequency, metallicity and chemical compositions.\nResults: We verify a clear correlation between binary frequency and enhancement\nin the abundances of both carbon and cerium, lending support to the scenario\nwhereby carbon-enhanced stars are the result of mass transfer by an evolved\nbinary companion. In addition, we identify clustering in the carbon abundances\nof high-$\\alpha$ disk stars, suggesting that those on the high metallicity end\nare likely younger, in agreement with theoretical predictions for the presence\nof a starburst population following the gas-rich merger of the\nGaia-Enceladus/Sausage system.",
          "arxiv_id": "2407.18130v1"
        },
        {
          "title": "Spectroscopic evolution of very massive stars at Z = 1/2.5 Zsun",
          "year": "2022-02",