{
  "topics": {
    "data": {
      "0": {
        "name": "0_code_language_programming_program",
        "keywords": [
          [
            "code",
            0.03816872669590523
          ],
          [
            "language",
            0.034667381806909515
          ],
          [
            "programming",
            0.030015135933828537
          ],
          [
            "program",
            0.02908005493288117
          ],
          [
            "programs",
            0.02858786195653186
          ],
          [
            "data",
            0.025634289932076067
          ],
          [
            "type",
            0.023234402222079488
          ],
          [
            "model",
            0.021829834109138566
          ],
          [
            "paper",
            0.02164802321922215
          ],
          [
            "approach",
            0.02059531320522251
          ]
        ],
        "count": 4324
      },
      "1": {
        "name": "1_quantum_Quantum_circuit_classical",
        "keywords": [
          [
            "quantum",
            0.22378793453195095
          ],
          [
            "Quantum",
            0.060947324243467334
          ],
          [
            "circuit",
            0.04604991513289012
          ],
          [
            "classical",
            0.03912067061555937
          ],
          [
            "circuits",
            0.03881686284336923
          ],
          [
            "quantum programming",
            0.034205755377562916
          ],
          [
            "programming",
            0.03233777479765293
          ],
          [
            "programs",
            0.030069335858421753
          ],
          [
            "computing",
            0.023541844235702155
          ],
          [
            "language",
            0.0232631542273087
          ]
        ],
        "count": 172
      }
    },
    "correlations": [
      [
        1.0,
        -0.747204756914432
      ],
      [
        -0.747204756914432,
        1.0
      ]
    ],
    "series": {
      "2020-01": [
        47,
        0
      ],
      "2020-02": [
        63,
        0
      ],
      "2020-03": [
        35,
        4
      ],
      "2020-04": [
        65,
        3
      ],
      "2020-05": [
        57,
        5
      ],
      "2020-06": [
        46,
        0
      ],
      "2020-07": [
        56,
        1
      ],
      "2020-08": [
        60,
        0
      ],
      "2020-09": [
        52,
        1
      ],
      "2020-10": [
        88,
        2
      ],
      "2020-11": [
        48,
        0
      ],
      "2020-12": [
        42,
        3
      ],
      "2021-01": [
        62,
        5
      ],
      "2021-02": [
        50,
        0
      ],
      "2021-03": [
        61,
        1
      ],
      "2021-04": [
        59,
        1
      ],
      "2021-05": [
        63,
        1
      ],
      "2021-06": [
        56,
        1
      ],
      "2021-07": [
        69,
        3
      ],
      "2021-08": [
        73,
        1
      ],
      "2021-09": [
        55,
        5
      ],
      "2021-10": [
        52,
        3
      ],
      "2021-11": [
        54,
        5
      ],
      "2021-12": [
        55,
        4
      ],
      "2022-01": [
        50,
        2
      ],
      "2022-02": [
        52,
        2
      ],
      "2022-03": [
        64,
        0
      ],
      "2022-04": [
        30,
        6
      ],
      "2022-05": [
        72,
        7
      ],
      "2022-06": [
        48,
        2
      ],
      "2022-07": [
        74,
        1
      ],
      "2022-08": [
        61,
        0
      ],
      "2022-09": [
        64,
        0
      ],
      "2022-10": [
        51,
        4
      ],
      "2022-11": [
        59,
        4
      ],
      "2022-12": [
        60,
        2
      ],
      "2023-01": [
        49,
        0
      ],
      "2023-02": [
        55,
        3
      ],
      "2023-03": [
        62,
        3
      ],
      "2023-04": [
        54,
        4
      ],
      "2023-05": [
        83,
        1
      ],
      "2023-06": [
        46,
        2
      ],
      "2023-07": [
        77,
        1
      ],
      "2023-08": [
        56,
        1
      ],
      "2023-09": [
        77,
        1
      ],
      "2023-10": [
        72,
        5
      ],
      "2023-11": [
        75,
        10
      ],
      "2023-12": [
        70,
        0
      ],
      "2024-01": [
        62,
        2
      ],
      "2024-02": [
        58,
        3
      ],
      "2024-03": [
        83,
        1
      ],
      "2024-04": [
        88,
        4
      ],
      "2024-05": [
        79,
        1
      ],
      "2024-06": [
        54,
        4
      ],
      "2024-07": [
        60,
        2
      ],
      "2024-08": [
        63,
        4
      ],
      "2024-09": [
        49,
        6
      ],
      "2024-10": [
        74,
        3
      ],
      "2024-11": [
        74,
        3
      ],
      "2024-12": [
        64,
        4
      ],
      "2025-01": [
        68,
        5
      ],
      "2025-02": [
        80,
        3
      ],
      "2025-03": [
        77,
        2
      ],
      "2025-04": [
        84,
        9
      ],
      "2025-05": [
        84,
        2
      ],
      "2025-06": [
        59,
        4
      ],
      "2025-07": [
        93,
        4
      ],
      "2025-08": [
        89,
        3
      ],
      "2025-09": [
        45,
        1
      ]
    },
    "papers": {
      "0": [
        {
          "title": "Neural Models for Source Code Synthesis and Completion",
          "year": "2024-02",
          "abstract": "Natural language (NL) to code suggestion systems assist developers in\nIntegrated Development Environments (IDEs) by translating NL utterances into\ncompilable code snippet. The current approaches mainly involve hard-coded,\nrule-based systems based on semantic parsing. These systems make heavy use of\nhand-crafted rules that map patterns in NL or elements in its syntax parse tree\nto various query constructs and can only work on a limited subset of NL with a\nrestricted NL syntax. These systems are unable to extract semantic information\nfrom the coding intents of the developer, and often fail to infer types, names,\nand the context of the source code to get accurate system-level code\nsuggestions. In this master thesis, we present sequence-to-sequence deep\nlearning models and training paradigms to map NL to general-purpose programming\nlanguages that can assist users with suggestions of source code snippets, given\na NL intent, and also extend auto-completion functionality of the source code\nto users while they are writing source code. The developed architecture\nincorporates contextual awareness into neural models which generate source code\ntokens directly instead of generating parse trees/abstract meaning\nrepresentations from the source code and converting them back to source code.\nThe proposed pretraining strategy and the data augmentation techniques improve\nthe performance of the proposed architecture. The proposed architecture has\nbeen found to exceed the performance of a neural semantic parser, TranX, based\non the BLEU-4 metric by 10.82%. Thereafter, a finer analysis for the parsable\ncode translations from the NL intent for CoNaLA challenge was introduced. The\nproposed system is bidirectional as it can be also used to generate NL code\ndocumentation given source code. Lastly, a RoBERTa masked language model for\nPython was proposed to extend the developed system for code completion.",
          "arxiv_id": "2402.06690v1"
        },
        {
          "title": "Sound Atomicity Inference for Data-Centric Synchronization",
          "year": "2023-09",