{
  "topics": {
    "data": {
      "0": {
        "name": "0_model_network_networks_data",
        "keywords": [
          [
            "model",
            0.04528679792556838
          ],
          [
            "network",
            0.039473839443454464
          ],
          [
            "networks",
            0.03838584641315631
          ],
          [
            "data",
            0.030400066582822703
          ],
          [
            "social",
            0.030003202187938977
          ],
          [
            "time",
            0.025832044956444537
          ],
          [
            "dynamics",
            0.025604128026898647
          ],
          [
            "study",
            0.023322674035596572
          ],
          [
            "models",
            0.022518036498598605
          ],
          [
            "different",
            0.021136983784208186
          ]
        ],
        "count": 8947
      },
      "1": {
        "name": "1_teams_players_team_sports",
        "keywords": [
          [
            "teams",
            0.049454535854504995
          ],
          [
            "players",
            0.04760210604057337
          ],
          [
            "team",
            0.04657602690217303
          ],
          [
            "sports",
            0.037524503803077196
          ],
          [
            "performance",
            0.03373493201377133
          ],
          [
            "football",
            0.028770632511146973
          ],
          [
            "game",
            0.02776416010981453
          ],
          [
            "player",
            0.027542442432860078
          ],
          [
            "ranking",
            0.026823491515492986
          ],
          [
            "soccer",
            0.026197645079652054
          ]
        ],
        "count": 112
      }
    },
    "correlations": [
      [
        1.0,
        -0.46893191507909565
      ],
      [
        -0.46893191507909565,
        1.0
      ]
    ],
    "series": {
      "2020-01": [
        102,
        2
      ],
      "2020-02": [
        110,
        5
      ],
      "2020-03": [
        184,
        4
      ],
      "2020-04": [
        232,
        2
      ],
      "2020-05": [
        269,
        3
      ],
      "2020-06": [
        262,
        4
      ],
      "2020-07": [
        234,
        4
      ],
      "2020-08": [
        206,
        2
      ],
      "2020-09": [
        143,
        3
      ],
      "2020-10": [
        144,
        1
      ],
      "2020-11": [
        146,
        4
      ],
      "2020-12": [
        138,
        3
      ],
      "2021-01": [
        131,
        1
      ],
      "2021-02": [
        118,
        2
      ],
      "2021-03": [
        151,
        7
      ],
      "2021-04": [
        124,
        2
      ],
      "2021-05": [
        135,
        7
      ],
      "2021-06": [
        136,
        5
      ],
      "2021-07": [
        134,
        4
      ],
      "2021-08": [
        102,
        4
      ],
      "2021-09": [
        108,
        5
      ],
      "2021-10": [
        101,
        3
      ],
      "2021-11": [
        122,
        2
      ],
      "2021-12": [
        99,
        6
      ],
      "2022-01": [
        117,
        4
      ],
      "2022-02": [
        91,
        5
      ],
      "2022-03": [
        116,
        7
      ],
      "2022-04": [
        83,
        2
      ],
      "2022-05": [
        112,
        3
      ],
      "2022-06": [
        103,
        5
      ],
      "2022-07": [
        112,
        3
      ],
      "2022-08": [
        105,
        3
      ],
      "2022-09": [
        105,
        0
      ],
      "2022-10": [
        111,
        3
      ],
      "2022-11": [
        105,
        4
      ],
      "2022-12": [
        103,
        0
      ],
      "2023-01": [
        97,
        1
      ],
      "2023-02": [
        79,
        6
      ],
      "2023-03": [
        127,
        5
      ],
      "2023-04": [
        92,
        2
      ],
      "2023-05": [
        123,
        4
      ],
      "2023-06": [
        113,
        6
      ],
      "2023-07": [
        158,
        6
      ],
      "2023-08": [
        108,
        3
      ],
      "2023-09": [
        106,
        2
      ],
      "2023-10": [
        128,
        7
      ],
      "2023-11": [
        136,
        1
      ],
      "2023-12": [
        129,
        4
      ],
      "2024-01": [
        133,
        3
      ],
      "2024-02": [
        126,
        9
      ],
      "2024-03": [
        160,
        1
      ],
      "2024-04": [
        113,
        4
      ],
      "2024-05": [
        105,
        4
      ],
      "2024-06": [
        118,
        8
      ],
      "2024-07": [
        115,
        4
      ],
      "2024-08": [
        109,
        4
      ],
      "2024-09": [
        108,
        1
      ],
      "2024-10": [
        138,
        6
      ],
      "2024-11": [
        106,
        3
      ],
      "2024-12": [
        107,
        8
      ],
      "2025-01": [
        148,
        8
      ],
      "2025-02": [
        115,
        7
      ],
      "2025-03": [
        110,
        5
      ],
      "2025-04": [
        112,
        5
      ],
      "2025-05": [
        138,
        6
      ],
      "2025-06": [
        135,
        4
      ],
      "2025-07": [
        131,
        3
      ],
      "2025-08": [
        109,
        8
      ],
      "2025-09": [
        60,
        1
      ]
    },
    "papers": {
      "0": [
        {
          "title": "Deep learning based parameter search for an agent based social network model",
          "year": "2021-07",
          "abstract": "Interactions between humans give rise to complex social networks that are\ncharacterized by heterogeneous degree distribution, weight-topology relation,\noverlapping community structure, and dynamics of links. Understanding such\nnetworks is a primary goal of science due to serving as the scaffold for many\nemergent social phenomena from disease spreading to political movements. An\nappropriate tool for studying them is agent-based modeling, in which nodes,\nrepresenting persons, make decisions about creating and deleting links, thus\nyielding various macroscopic behavioral patterns. Here we focus on studying a\ngeneralization of the weighted social network model, being one of the most\nfundamental agent-based models for describing the formation of social ties and\nsocial networks. This Generalized Weighted Social Network (GWSN) model\nincorporates triadic closure, homophilic interactions, and various link\ntermination mechanisms, which have been studied separately in the previous\nworks. Accordingly, the GWSN model has an increased number of input parameters\nand the model behavior gets excessively complex, making it challenging to\nclarify the model behavior. We have executed massive simulations with a\nsupercomputer and using the results as the training data for deep neural\nnetworks to conduct regression analysis for predicting the properties of the\ngenerated networks from the input parameters. The obtained regression model was\nalso used for global sensitivity analysis to identify which parameters are\ninfluential or insignificant. We believe that this methodology is applicable\nfor a large class of complex network models, thus opening the way for more\nrealistic quantitative agent-based modeling.",
          "arxiv_id": "2107.06507v1"
        },
        {
          "title": "Layer entanglement in multiplex, temporal multiplex, and coupled multilayer networks",
          "year": "2020-04",