{
  "topics": {
    "data": {
      "0": {
        "name": "0_data_research_model_models",
        "keywords": [
          [
            "data",
            0.04646337150718744
          ],
          [
            "research",
            0.028532597958626085
          ],
          [
            "model",
            0.02736031325722788
          ],
          [
            "models",
            0.024653360706040395
          ],
          [
            "analysis",
            0.022024789111502973
          ],
          [
            "life",
            0.01942777274425541
          ],
          [
            "study",
            0.01940987393003887
          ],
          [
            "systems",
            0.01788342732887164
          ],
          [
            "new",
            0.017338572452461794
          ],
          [
            "health",
            0.0173169369449589
          ]
        ],
        "count": 506
      },
      "1": {
        "name": "1_plant_water_seeds_study",
        "keywords": [
          [
            "plant",
            0.02853036244776698
          ],
          [
            "water",
            0.027133168562030067
          ],
          [
            "seeds",
            0.026300786082487915
          ],
          [
            "study",
            0.023852679892469204
          ],
          [
            "results",
            0.02098124627065794
          ],
          [
            "food",
            0.020155737271181345
          ],
          [
            "significant",
            0.019922700949063253
          ],
          [
            "concentrations",
            0.019885960208710373
          ],
          [
            "genotypes",
            0.01789897749100469
          ],
          [
            "highest",
            0.017533151695368107
          ]
        ],
        "count": 77
      }
    },
    "correlations": [
      [
        1.0,
        -0.08930854674195954
      ],
      [
        -0.08930854674195954,
        1.0
      ]
    ],
    "series": {
      "2020-01": [
        3,
        0
      ],
      "2020-02": [
        4,
        3
      ],
      "2020-03": [
        11,
        0
      ],
      "2020-04": [
        8,
        2
      ],
      "2020-05": [
        15,
        0
      ],
      "2020-06": [
        12,
        2
      ],
      "2020-07": [
        9,
        1
      ],
      "2020-08": [
        10,
        0
      ],
      "2020-09": [
        8,
        0
      ],
      "2020-10": [
        9,
        0
      ],
      "2020-11": [
        11,
        2
      ],
      "2020-12": [
        6,
        2
      ],
      "2021-01": [
        6,
        2
      ],
      "2021-02": [
        3,
        0
      ],
      "2021-03": [
        4,
        1
      ],
      "2021-04": [
        4,
        1
      ],
      "2021-05": [
        7,
        0
      ],
      "2021-06": [
        1,
        2
      ],
      "2021-07": [
        9,
        0
      ],
      "2021-08": [
        5,
        1
      ],
      "2021-09": [
        3,
        1
      ],
      "2021-10": [
        6,
        0
      ],
      "2021-11": [
        7,
        0
      ],
      "2021-12": [
        13,
        0
      ],
      "2022-01": [
        6,
        2
      ],
      "2022-02": [
        3,
        1
      ],
      "2022-03": [
        5,
        0
      ],
      "2022-04": [
        7,
        3
      ],
      "2022-05": [
        4,
        0
      ],
      "2022-06": [
        1,
        0
      ],
      "2022-07": [
        4,
        0
      ],
      "2022-08": [
        7,
        0
      ],
      "2022-09": [
        7,
        0
      ],
      "2022-10": [
        5,
        0
      ],
      "2022-11": [
        5,
        0
      ],
      "2022-12": [
        4,
        0
      ],
      "2023-01": [
        5,
        0
      ],
      "2023-02": [
        7,
        0
      ],
      "2023-03": [
        4,
        2
      ],
      "2023-04": [
        4,
        2
      ],
      "2023-05": [
        6,
        1
      ],
      "2023-06": [
        10,
        1
      ],
      "2023-07": [
        10,
        1
      ],
      "2023-08": [
        2,
        2
      ],
      "2023-09": [
        16,
        2
      ],
      "2023-10": [
        6,
        1
      ],
      "2023-11": [
        6,
        1
      ],
      "2023-12": [
        4,
        0
      ],
      "2024-01": [
        8,
        0
      ],
      "2024-02": [
        10,
        2
      ],
      "2024-03": [
        6,
        4
      ],
      "2024-04": [
        10,
        1
      ],
      "2024-05": [
        10,
        2
      ],
      "2024-06": [
        9,
        5
      ],
      "2024-07": [
        8,
        1
      ],
      "2024-08": [
        10,
        2
      ],
      "2024-09": [
        12,
        1
      ],
      "2024-10": [
        6,
        2
      ],
      "2024-11": [
        9,
        0
      ],
      "2024-12": [
        8,
        1
      ],
      "2025-01": [
        8,
        2
      ],
      "2025-02": [
        11,
        3
      ],
      "2025-03": [
        10,
        1
      ],
      "2025-04": [
        8,
        0
      ],
      "2025-05": [
        15,
        1
      ],
      "2025-06": [
        9,
        2
      ],
      "2025-07": [
        16,
        2
      ],
      "2025-08": [
        13,
        1
      ],
      "2025-09": [
        6,
        1
      ]
    },
    "papers": {
      "0": [
        {
          "title": "Verbesserung des Record Linkage für die Gesundheitsforschung in Deutschland",
          "year": "2023-12",
          "abstract": "Record linkage means linking data from multiple sources. This approach\nenables the answering of scientific questions that cannot be addressed using\nsingle data sources due to limited variables. The potential of linked data for\nhealth research is enormous, as it can enhance prevention, treatment, and\npopulation health policies. Due the sensitivity of health data, there are\nstrict legal requirements to prevent potential misuse. However, these\nrequirements also limit the use of health data for research, thereby hindering\ninnovations in prevention and care. Also, comprehensive Record linkage in\nGermany is often challenging due to lacking unique personal identifiers or\ninteroperable solutions. Rather, the need to protect data is often weighed\nagainst the importance of research aiming at healthcare enhancements: for\ninstance, data protection officers may demand the informed consent of\nindividual study participants for data linkage, even when this is not\nmandatory. Furthermore, legal frameworks may be interpreted differently on\nvarying occasions. Given both, technical and legal challenges, record linkage\nfor health research in Germany falls behind the standards of other European\ncountries. To ensure successful record linkage, case-specific solutions must be\ndeveloped, tested, and modified as necessary before implementation. This paper\ndiscusses limitations and possibilities of various data linkage approaches\ntailored to different use cases in compliance with the European General Data\nProtection Regulation. It further describes requirements for achieving a more\nresearch-friendly approach to linking health data records in Germany.\nAdditionally, it provides recommendations to legislators. The objective of this\nwork is to improve record linkage for health research in Germany.",
          "arxiv_id": "2312.10093v1"
        },
        {
          "title": "Applications and Challenges of AI and Microscopy in Life Science Research: A Review",
          "year": "2025-01",