{
  "topics": {
    "data": {
      "0": {
        "name": "0_nonlinear_solitons_soliton_equation",
        "keywords": [
          [
            "nonlinear",
            0.035344731143335896
          ],
          [
            "solitons",
            0.034288888767167035
          ],
          [
            "soliton",
            0.031049803571132083
          ],
          [
            "equation",
            0.027072082000913728
          ],
          [
            "wave",
            0.026973325729246694
          ],
          [
            "waves",
            0.023955465191123543
          ],
          [
            "solutions",
            0.02334784143728477
          ],
          [
            "states",
            0.016595526689630595
          ],
          [
            "dynamics",
            0.016509382874004663
          ],
          [
            "equations",
            0.01538628583761057
          ]
        ],
        "count": 1887
      },
      "1": {
        "name": "1_model_patterns_systems_dynamics",
        "keywords": [
          [
            "model",
            0.031041509208143702
          ],
          [
            "patterns",
            0.03003284560637641
          ],
          [
            "systems",
            0.02598539193185064
          ],
          [
            "dynamics",
            0.023448200370971017
          ],
          [
            "pattern",
            0.02179160151441059
          ],
          [
            "diffusion",
            0.02107476030057487
          ],
          [
            "states",
            0.017575506727419626
          ],
          [
            "phase",
            0.017106107540185943
          ],
          [
            "spatial",
            0.0164295815716671
          ],
          [
            "formation",
            0.01606306707939278
          ]
        ],
        "count": 867
      }
    },
    "correlations": [
      [
        1.0,
        -0.21878391386693707
      ],
      [
        -0.21878391386693707,
        1.0
      ]
    ],
    "series": {
      "2020-01": [
        31,
        13
      ],
      "2020-02": [
        21,
        13
      ],
      "2020-03": [
        35,
        10
      ],
      "2020-04": [
        35,
        12
      ],
      "2020-05": [
        38,
        17
      ],
      "2020-06": [
        37,
        13
      ],
      "2020-07": [
        50,
        15
      ],
      "2020-08": [
        34,
        14
      ],
      "2020-09": [
        40,
        17
      ],
      "2020-10": [
        36,
        21
      ],
      "2020-11": [
        35,
        12
      ],
      "2020-12": [
        41,
        26
      ],
      "2021-01": [
        29,
        14
      ],
      "2021-02": [
        41,
        18
      ],
      "2021-03": [
        45,
        4
      ],
      "2021-04": [
        39,
        14
      ],
      "2021-05": [
        43,
        10
      ],
      "2021-06": [
        35,
        9
      ],
      "2021-07": [
        38,
        5
      ],
      "2021-08": [
        33,
        5
      ],
      "2021-09": [
        29,
        9
      ],
      "2021-10": [
        31,
        10
      ],
      "2021-11": [
        28,
        17
      ],
      "2021-12": [
        29,
        14
      ],
      "2022-01": [
        25,
        14
      ],
      "2022-02": [
        22,
        14
      ],
      "2022-03": [
        40,
        11
      ],
      "2022-04": [
        24,
        11
      ],
      "2022-05": [
        32,
        14
      ],
      "2022-06": [
        32,
        8
      ],
      "2022-07": [
        30,
        18
      ],
      "2022-08": [
        42,
        10
      ],
      "2022-09": [
        23,
        11
      ],
      "2022-10": [
        30,
        18
      ],
      "2022-11": [
        32,
        13
      ],
      "2022-12": [
        50,
        13
      ],
      "2023-01": [
        35,
        10
      ],
      "2023-02": [
        22,
        7
      ],
      "2023-03": [
        31,
        15
      ],
      "2023-04": [
        30,
        16
      ],
      "2023-05": [
        28,
        16
      ],
      "2023-06": [
        34,
        13
      ],
      "2023-07": [
        37,
        10
      ],
      "2023-08": [
        33,
        14
      ],
      "2023-09": [
        29,
        10
      ],
      "2023-10": [
        30,
        10
      ],
      "2023-11": [
        29,
        9
      ],
      "2023-12": [
        24,
        15
      ],
      "2024-01": [
        32,
        13
      ],
      "2024-02": [
        25,
        14
      ],
      "2024-03": [
        29,
        22
      ],
      "2024-04": [
        27,
        18
      ],
      "2024-05": [
        42,
        10
      ],
      "2024-06": [
        34,
        8
      ],
      "2024-07": [
        41,
        15
      ],
      "2024-08": [
        23,
        8
      ],
      "2024-09": [
        36,
        15
      ],
      "2024-10": [
        37,
        13
      ],
      "2024-11": [
        34,
        9
      ],
      "2024-12": [
        32,
        16
      ],
      "2025-01": [
        26,
        10
      ],
      "2025-02": [
        32,
        10
      ],
      "2025-03": [
        33,
        11
      ],
      "2025-04": [
        38,
        11
      ],
      "2025-05": [
        34,
        5
      ],
      "2025-06": [
        21,
        16
      ],
      "2025-07": [
        42,
        12
      ],
      "2025-08": [
        29,
        13
      ],
      "2025-09": [
        9,
        5
      ]
    },
    "papers": {
      "0": [
        {
          "title": "Bright, dark and breather soliton solutions of the generalized long-wave short-wave resonance interaction system",
          "year": "2022-06",
          "abstract": "In this paper, a generalized long-wave short-wave resonance interaction\nsystem, which describes the nonlinear interaction between a short-wave and a\nlong-wave in fluid dynamics, plasma physics and nonlinear optics, is\nconsidered. Using the Hirota bilinear method, the general $N$-bright and\n$N$-dark soliton solutions are deduced and their Gram determinant forms are\nobtained. A special feature of the fundamental bright soliton solution is that,\nin general, it behaves like the Korteweg-deVries soliton. However, under a\nspecial condition, it also behaves akin to the nonlinear Schr\\\"{o}dinger\nsoliton when it loses the amplitude dependent velocity property. The\nfundamental dark-soliton solution admits anti-dark, grey, and completely black\nsoliton profiles, in the short-wave component, depending on the choice of wave\nparameters. On the other hand, a bright soliton like profile always occurs in\nthe long-wave component. The asymptotic analysis shows that both the bright and\ndark solitons undergo an elastic collision with a finite phase shift. In\naddition to these, by tuning the phase shift regime, we point out the existence\nof resonance interactions among the bright solitons. Furthermore, under a\nspecial velocity resonance condition, we bring out the various types of bright\nand dark soliton bound states. Also, by fixing the phase factor and the system\nparameter $\\beta$, corresponding to the interaction between long and short wave\ncomponents, the different types of profiles associated with the obtained\nbreather solution are demonstrated.",
          "arxiv_id": "2206.10159v1"
        },
        {
          "title": "Solitary waves in the resonant nonlinear Schrödinger equation: stability and dynamical properties",
          "year": "2020-03",