{
  "topics": {
    "data": {
      "0": {
        "name": "0_data_model_models_method",
        "keywords": [
          [
            "data",
            0.0419398647318561
          ],
          [
            "model",
            0.03260076832718295
          ],
          [
            "models",
            0.02419113014567135
          ],
          [
            "method",
            0.022657583714240745
          ],
          [
            "methods",
            0.02187408399358295
          ],
          [
            "approach",
            0.018504479537788693
          ],
          [
            "time",
            0.017794186100400657
          ],
          [
            "estimation",
            0.017062778366732288
          ],
          [
            "analysis",
            0.01673206699591772
          ],
          [
            "Bayesian",
            0.01518999900168024
          ]
        ],
        "count": 19077
      },
      "1": {
        "name": "1_privacy_data_private_differential privacy",
        "keywords": [
          [
            "privacy",
            0.08563969603760437
          ],
          [
            "data",
            0.052657443026707905
          ],
          [
            "private",
            0.038757977563996564
          ],
          [
            "differential privacy",
            0.02870398284746475
          ],
          [
            "differential",
            0.023639420576449306
          ],
          [
            "DP",
            0.020426695556164567
          ],
          [
            "federated",
            0.01763904793533603
          ],
          [
            "statistical",
            0.016659874271613802
          ],
          [
            "Privacy",
            0.014271993172931654
          ],
          [
            "Private",
            0.013266492576610365
          ]
        ],
        "count": 229
      }
    },
    "correlations": [
      [
        1.0,
        -0.20775686613037508
      ],
      [
        -0.20775686613037508,
        1.0
      ]
    ],
    "series": {
      "2020-01": [
        139,
        10
      ],
      "2020-02": [
        181,
        37
      ],
      "2020-03": [
        174,
        26
      ],
      "2020-04": [
        210,
        19
      ],
      "2020-05": [
        224,
        27
      ],
      "2020-06": [
        258,
        31
      ],
      "2020-07": [
        259,
        27
      ],
      "2020-08": [
        201,
        25
      ],
      "2020-09": [
        178,
        28
      ],
      "2020-10": [
        227,
        27
      ],
      "2020-11": [
        226,
        35
      ],
      "2020-12": [
        226,
        22
      ],
      "2021-01": [
        190,
        19
      ],
      "2021-02": [
        199,
        29
      ],
      "2021-03": [
        246,
        28
      ],
      "2021-04": [
        222,
        26
      ],
      "2021-05": [
        222,
        37
      ],
      "2021-06": [
        253,
        42
      ],
      "2021-07": [
        234,
        30
      ],
      "2021-08": [
        178,
        23
      ],
      "2021-09": [
        210,
        31
      ],
      "2021-10": [
        249,
        40
      ],
      "2021-11": [
        214,
        24
      ],
      "2021-12": [
        226,
        34
      ],
      "2022-01": [
        190,
        32
      ],
      "2022-02": [
        229,
        29
      ],
      "2022-03": [
        259,
        36
      ],
      "2022-04": [
        176,
        32
      ],
      "2022-05": [
        212,
        50
      ],
      "2022-06": [
        278,
        48
      ],
      "2022-07": [
        224,
        31
      ],
      "2022-08": [
        256,
        30
      ],
      "2022-09": [
        243,
        31
      ],
      "2022-10": [
        269,
        42
      ],
      "2022-11": [
        242,
        47
      ],
      "2022-12": [
        216,
        33
      ],
      "2023-01": [
        218,
        40
      ],
      "2023-02": [
        240,
        47
      ],
      "2023-03": [
        237,
        35
      ],
      "2023-04": [
        222,
        22
      ],
      "2023-05": [
        282,
        31
      ],
      "2023-06": [
        311,
        47
      ],
      "2023-07": [
        233,
        33
      ],
      "2023-08": [
        196,
        33
      ],
      "2023-09": [
        266,
        29
      ],
      "2023-10": [
        274,
        50
      ],
      "2023-11": [
        264,
        50
      ],
      "2023-12": [
        277,
        38
      ],
      "2024-01": [
        289,
        53
      ],
      "2024-02": [
        286,
        41
      ],
      "2024-03": [
        275,
        38
      ],
      "2024-04": [
        256,
        38
      ],
      "2024-05": [
        291,
        51
      ],
      "2024-06": [
        285,
        49
      ],
      "2024-07": [
        291,
        28
      ],
      "2024-08": [
        221,
        34
      ],
      "2024-09": [
        250,
        48
      ],
      "2024-10": [
        355,
        64
      ],
      "2024-11": [
        280,
        32
      ],
      "2024-12": [
        260,
        36
      ],
      "2025-01": [
        264,
        38
      ],
      "2025-02": [
        291,
        55
      ],
      "2025-03": [
        284,
        55
      ],
      "2025-04": [
        300,
        37
      ],
      "2025-05": [
        333,
        49
      ],
      "2025-06": [
        324,
        50
      ],
      "2025-07": [
        338,
        61
      ],
      "2025-08": [
        280,
        37
      ],
      "2025-09": [
        187,
        15
      ]
    },
    "papers": {
      "0": [
        {
          "title": "Estimation of a score-explained non-randomized treatment effect in fixed and high dimensions",
          "year": "2021-02",
          "abstract": "Non-randomized treatment effect models are widely used for the assessment of\ntreatment effects in various fields and in particular social science\ndisciplines like political science, psychometry, psychology. More specifically,\nthese are situations where treatment is assigned to an individual based on some\nof their characteristics (e.g. scholarship is allocated based on merit or\nantihypertensive treatments are allocated based on blood pressure level)\ninstead of being allocated randomly, as is the case, for example, in randomized\nclinical trials. Popular methods that have been largely employed till date for\nestimation of such treatment effects suffer from slow rates of convergence\n(i.e. slower than $\\sqrt{n}$). In this paper, we present a new model coined\nSCENTS: Score Explained Non-Randomized Treatment Systems, and a corresponding\nmethod that allows estimation of the treatment effect at $\\sqrt{n}$ rate in the\npresence of fairly general forms of confoundedness, when the `score' variable\non whose basis treatment is assigned can be explained via certain feature\nmeasurements of the individuals under study. We show that our estimator is\nasymptotically normal in general and semi-parametrically efficient under normal\nerrors. We further extend our analysis to high dimensional covariates and\npropose a $\\sqrt n$ consistent and asymptotically normal estimator based on a\nde-biasing procedure. Our analysis for the high dimensional incarnation can be\nreadily extended to analyze partial linear models in the presence of noisy\nvariables corresponding to the non-linear part of the model, where the noise\ncan be correlated with the variables corresponding to the linear part. We\nanalyze two real datasets via our method and compare our results with those\nobtained by using previous approaches. We conclude this paper with a discussion\non some possible extensions of our approach.",
          "arxiv_id": "2102.11229v4"
        },
        {
          "title": "Regularized Estimation in High-Dimensional Vector Auto-Regressive Models using Spatio-Temporal Information",