{
  "topics": {
    "data": {
      "0": {
        "name": "0_method_numerical_order_methods",
        "keywords": [
          [
            "method",
            0.03270229197331863
          ],
          [
            "numerical",
            0.02420225039773727
          ],
          [
            "order",
            0.021118401854903133
          ],
          [
            "methods",
            0.020817012584132516
          ],
          [
            "time",
            0.02042034875170694
          ],
          [
            "equations",
            0.01889429296964097
          ],
          [
            "problems",
            0.018460876607721877
          ],
          [
            "problem",
            0.01820223351236503
          ],
          [
            "model",
            0.016035087885548943
          ],
          [
            "convergence",
            0.015282667565622016
          ]
        ],
        "count": 23367
      },
      "1": {
        "name": "1_model_cardiac_blood_flow",
        "keywords": [
          [
            "model",
            0.04893051525666756
          ],
          [
            "cardiac",
            0.04143582946542746
          ],
          [
            "blood",
            0.03163377922721258
          ],
          [
            "flow",
            0.028752533061824494
          ],
          [
            "models",
            0.027112212441611785
          ],
          [
            "heart",
            0.024793515065451466
          ],
          [
            "blood flow",
            0.019899484421728557
          ],
          [
            "simulations",
            0.01882969798357599
          ],
          [
            "numerical",
            0.018828969278374512
          ],
          [
            "computational",
            0.018065375555253792
          ]
        ],
        "count": 192
      }
    },
    "correlations": [
      [
        1.0,
        -0.571015089806119
      ],
      [
        -0.571015089806119,
        1.0
      ]
    ],
    "series": {
      "2020-01": [
        248,
        39
      ],
      "2020-02": [
        255,
        46
      ],
      "2020-03": [
        246,
        49
      ],
      "2020-04": [
        243,
        53
      ],
      "2020-05": [
        271,
        33
      ],
      "2020-06": [
        279,
        36
      ],
      "2020-07": [
        300,
        42
      ],
      "2020-08": [
        220,
        38
      ],
      "2020-09": [
        227,
        40
      ],
      "2020-10": [
        274,
        61
      ],
      "2020-11": [
        295,
        43
      ],
      "2020-12": [
        297,
        47
      ],
      "2021-01": [
        285,
        50
      ],
      "2021-02": [
        278,
        50
      ],
      "2021-03": [
        343,
        56
      ],
      "2021-04": [
        303,
        42
      ],
      "2021-05": [
        299,
        52
      ],
      "2021-06": [
        302,
        60
      ],
      "2021-07": [
        259,
        50
      ],
      "2021-08": [
        256,
        43
      ],
      "2021-09": [
        267,
        34
      ],
      "2021-10": [
        298,
        68
      ],
      "2021-11": [
        295,
        39
      ],
      "2021-12": [
        299,
        52
      ],
      "2022-01": [
        284,
        32
      ],
      "2022-02": [
        272,
        41
      ],
      "2022-03": [
        308,
        61
      ],
      "2022-04": [
        232,
        44
      ],
      "2022-05": [
        269,
        47
      ],
      "2022-06": [
        271,
        44
      ],
      "2022-07": [
        263,
        44
      ],
      "2022-08": [
        253,
        42
      ],
      "2022-09": [
        288,
        57
      ],
      "2022-10": [
        313,
        50
      ],
      "2022-11": [
        309,
        47
      ],
      "2022-12": [
        299,
        42
      ],
      "2023-01": [
        264,
        66
      ],
      "2023-02": [
        279,
        51
      ],
      "2023-03": [
        329,
        45
      ],
      "2023-04": [
        288,
        49
      ],
      "2023-05": [
        347,
        41
      ],
      "2023-06": [
        338,
        58
      ],
      "2023-07": [
        314,
        52
      ],
      "2023-08": [
        296,
        51
      ],
      "2023-09": [
        269,
        47
      ],
      "2023-10": [
        368,
        52
      ],
      "2023-11": [
        316,
        47
      ],
      "2023-12": [
        311,
        44
      ],
      "2024-01": [
        341,
        57
      ],
      "2024-02": [
        347,
        57
      ],
      "2024-03": [
        349,
        87
      ],
      "2024-04": [
        327,
        55
      ],
      "2024-05": [
        369,
        53
      ],
      "2024-06": [
        300,
        49
      ],
      "2024-07": [
        341,
        65
      ],
      "2024-08": [
        289,
        43
      ],
      "2024-09": [
        342,
        52
      ],
      "2024-10": [
        391,
        56
      ],
      "2024-11": [
        306,
        64
      ],
      "2024-12": [
        335,
        48
      ],
      "2025-01": [
        314,
        60
      ],
      "2025-02": [
        337,
        53
      ],
      "2025-03": [
        345,
        55
      ],
      "2025-04": [
        321,
        78
      ],
      "2025-05": [
        334,
        60
      ],
      "2025-06": [
        371,
        57
      ],
      "2025-07": [
        365,
        60
      ],
      "2025-08": [
        340,
        54
      ],
      "2025-09": [
        190,
        33
      ]
    },
    "papers": {
      "0": [
        {
          "title": "On Stability and Convergence of a Three-layer Semi-discrete Scheme for an Abstract Analogue of the Ball Integro-differential Equation",
          "year": "2022-01",
          "abstract": "We consider the Cauchy problem for a second-order nonlinear evolution\nequation in a Hilbert space. This equation represents the abstract\ngeneralization of the Ball integro-differential equation. The general nonlinear\ncase with respect to terms of the equation which include a square of a norm of\na gradient is considered. A three-layer semi-discrete scheme is proposed in\norder to find an approximate solution. In this scheme, the approximation of\nnonlinear terms that are dependent on the gradient is carried out by using an\nintegral mean. We show that the solution of the nonlinear discrete problem and\nits corresponding difference analogue of a first-order derivative is uniformly\nbounded. For the solution of the corresponding linear discrete problem, it is\nobtained high-order a priori estimates by using two-variable Chebyshev\npolynomials. Based on these estimates we prove the stability of the nonlinear\ndiscrete problem. For smooth solutions, we provide error estimates for the\napproximate solution. An iteration method is applied in order to find an\napproximate solution for each temporal step. The convergence of the iteration\nprocess is proved.",
          "arxiv_id": "2201.12345v3"
        },
        {
          "title": "Tensor numerical method for optimal control problems constrained by an elliptic operator with general rank-structured coefficients",
          "year": "2021-05",